parametro,punto,modelo,configuracion,fold,conjunto,metrica,valor
n_estimators,10,rf,"{""max_depth"": 8, ""n_estimators"": 10}",1,train,auc,0.8184431833042712
n_estimators,10,rf,"{""max_depth"": 8, ""n_estimators"": 10}",1,train,ap,0.5306163567156789
n_estimators,10,rf,"{""max_depth"": 8, ""n_estimators"": 10}",1,train,recall_q,0.6463455708992927
n_estimators,10,rf,"{""max_depth"": 8, ""n_estimators"": 10}",1,train,precision_q,0.36413662239089184
n_estimators,10,rf,"{""max_depth"": 8, ""n_estimators"": 10}",1,train,f1_q,0.4658332321883724
n_estimators,10,rf,"{""max_depth"": 8, ""n_estimators"": 10}",1,validacion,auc,0.7834835116600104
n_estimators,10,rf,"{""max_depth"": 8, ""n_estimators"": 10}",1,validacion,ap,0.44370915771315983
n_estimators,10,rf,"{""max_depth"": 8, ""n_estimators"": 10}",1,validacion,recall_q,0.6037735849056604
n_estimators,10,rf,"{""max_depth"": 8, ""n_estimators"": 10}",1,validacion,precision_q,0.33990895295902884
n_estimators,10,rf,"{""max_depth"": 8, ""n_estimators"": 10}",1,validacion,f1_q,0.43495145631067966
n_estimators,10,rf,"{""max_depth"": 8, ""n_estimators"": 10}",2,train,auc,0.8165008758410459
n_estimators,10,rf,"{""max_depth"": 8, ""n_estimators"": 10}",2,train,ap,0.5288770205993812
n_estimators,10,rf,"{""max_depth"": 8, ""n_estimators"": 10}",2,train,recall_q,0.636731069536728
n_estimators,10,rf,"{""max_depth"": 8, ""n_estimators"": 10}",2,train,precision_q,0.358720027600483
n_estimators,10,rf,"{""max_depth"": 8, ""n_estimators"": 10}",2,train,f1_q,0.45890388286310113
n_estimators,10,rf,"{""max_depth"": 8, ""n_estimators"": 10}",2,validacion,auc,0.8011253346218715
n_estimators,10,rf,"{""max_depth"": 8, ""n_estimators"": 10}",2,validacion,ap,0.46711558280220167
n_estimators,10,rf,"{""max_depth"": 8, ""n_estimators"": 10}",2,validacion,recall_q,0.6509433962264151
n_estimators,10,rf,"{""max_depth"": 8, ""n_estimators"": 10}",2,validacion,precision_q,0.36646433990895294
n_estimators,10,rf,"{""max_depth"": 8, ""n_estimators"": 10}",2,validacion,f1_q,0.46893203883495144
n_estimators,10,rf,"{""max_depth"": 8, ""n_estimators"": 10}",3,train,auc,0.8155736981755637
n_estimators,10,rf,"{""max_depth"": 8, ""n_estimators"": 10}",3,train,ap,0.5265701388348643
n_estimators,10,rf,"{""max_depth"": 8, ""n_estimators"": 10}",3,train,recall_q,0.6456719434152913
n_estimators,10,rf,"{""max_depth"": 8, ""n_estimators"": 10}",3,train,precision_q,0.36375711574952563
n_estimators,10,rf,"{""max_depth"": 8, ""n_estimators"": 10}",3,train,f1_q,0.46534773637577376
n_estimators,10,rf,"{""max_depth"": 8, ""n_estimators"": 10}",3,validacion,auc,0.7920742913577878
n_estimators,10,rf,"{""max_depth"": 8, ""n_estimators"": 10}",3,validacion,ap,0.4626773608481519
n_estimators,10,rf,"{""max_depth"": 8, ""n_estimators"": 10}",3,validacion,recall_q,0.622911051212938
n_estimators,10,rf,"{""max_depth"": 8, ""n_estimators"": 10}",3,validacion,precision_q,0.35068285280728373
n_estimators,10,rf,"{""max_depth"": 8, ""n_estimators"": 10}",3,validacion,f1_q,0.4487378640776699
n_estimators,10,rf,"{""max_depth"": 8, ""n_estimators"": 10}",4,train,auc,0.8172042912401333
n_estimators,10,rf,"{""max_depth"": 8, ""n_estimators"": 10}",4,train,ap,0.5318893186112716
n_estimators,10,rf,"{""max_depth"": 8, ""n_estimators"": 10}",4,train,recall_q,0.6475244189962951
n_estimators,10,rf,"{""max_depth"": 8, ""n_estimators"": 10}",4,train,precision_q,0.36480075901328274
n_estimators,10,rf,"{""max_depth"": 8, ""n_estimators"": 10}",4,train,f1_q,0.46668284986041997
n_estimators,10,rf,"{""max_depth"": 8, ""n_estimators"": 10}",4,validacion,auc,0.7863980531761761
n_estimators,10,rf,"{""max_depth"": 8, ""n_estimators"": 10}",4,validacion,ap,0.44723237567826346
n_estimators,10,rf,"{""max_depth"": 8, ""n_estimators"": 10}",4,validacion,recall_q,0.6324605313823642
n_estimators,10,rf,"{""max_depth"": 8, ""n_estimators"": 10}",4,validacion,precision_q,0.35605896379796226
n_estimators,10,rf,"{""max_depth"": 8, ""n_estimators"": 10}",4,validacion,f1_q,0.4556171983356449
n_estimators,10,rf,"{""max_depth"": 8, ""n_estimators"": 10}",5,train,auc,0.8152091994733653
n_estimators,10,rf,"{""max_depth"": 8, ""n_estimators"": 10}",5,train,ap,0.5395016109893319
n_estimators,10,rf,"{""max_depth"": 8, ""n_estimators"": 10}",5,train,recall_q,0.6401617250673854
n_estimators,10,rf,"{""max_depth"": 8, ""n_estimators"": 10}",5,train,precision_q,0.3605313092979127
n_estimators,10,rf,"{""max_depth"": 8, ""n_estimators"": 10}",5,train,f1_q,0.4612770089827628
n_estimators,10,rf,"{""max_depth"": 8, ""n_estimators"": 10}",5,validacion,auc,0.7913467815378664
n_estimators,10,rf,"{""max_depth"": 8, ""n_estimators"": 10}",5,validacion,ap,0.44010485323289855
n_estimators,10,rf,"{""max_depth"": 8, ""n_estimators"": 10}",5,validacion,recall_q,0.6366083445491252
n_estimators,10,rf,"{""max_depth"": 8, ""n_estimators"": 10}",5,validacion,precision_q,0.3588770864946889
n_estimators,10,rf,"{""max_depth"": 8, ""n_estimators"": 10}",5,validacion,f1_q,0.4590004852013585
n_estimators,25,rf,"{""max_depth"": 8, ""n_estimators"": 25}",1,train,auc,0.8257211358235733
n_estimators,25,rf,"{""max_depth"": 8, ""n_estimators"": 25}",1,train,ap,0.5452337860206922
n_estimators,25,rf,"{""max_depth"": 8, ""n_estimators"": 25}",1,train,recall_q,0.6483664533512967
n_estimators,25,rf,"{""max_depth"": 8, ""n_estimators"": 25}",1,train,precision_q,0.36527514231499053
n_estimators,25,rf,"{""max_depth"": 8, ""n_estimators"": 25}",1,train,f1_q,0.4672897196261683
n_estimators,25,rf,"{""max_depth"": 8, ""n_estimators"": 25}",1,validacion,auc,0.7894720097968247
n_estimators,25,rf,"{""max_depth"": 8, ""n_estimators"": 25}",1,validacion,ap,0.45228574570389246
n_estimators,25,rf,"{""max_depth"": 8, ""n_estimators"": 25}",1,validacion,recall_q,0.6078167115902965
n_estimators,25,rf,"{""max_depth"": 8, ""n_estimators"": 25}",1,validacion,precision_q,0.34218512898330805
n_estimators,25,rf,"{""max_depth"": 8, ""n_estimators"": 25}",1,validacion,f1_q,0.4378640776699029
n_estimators,25,rf,"{""max_depth"": 8, ""n_estimators"": 25}",2,train,auc,0.8211992856604449
n_estimators,25,rf,"{""max_depth"": 8, ""n_estimators"": 25}",2,train,ap,0.5394865987971037
n_estimators,25,rf,"{""max_depth"": 8, ""n_estimators"": 25}",2,train,recall_q,0.6436510609632873
n_estimators,25,rf,"{""max_depth"": 8, ""n_estimators"": 25}",2,train,precision_q,0.36261859582542694
n_estimators,25,rf,"{""max_depth"": 8, ""n_estimators"": 25}",2,train,f1_q,0.4638912489379779
n_estimators,25,rf,"{""max_depth"": 8, ""n_estimators"": 25}",2,validacion,auc,0.8003464713818189
n_estimators,25,rf,"{""max_depth"": 8, ""n_estimators"": 25}",2,validacion,ap,0.4677129100801445
n_estimators,25,rf,"{""max_depth"": 8, ""n_estimators"": 25}",2,validacion,recall_q,0.6543126684636119
n_estimators,25,rf,"{""max_depth"": 8, ""n_estimators"": 25}",2,validacion,precision_q,0.36836115326251895
n_estimators,25,rf,"{""max_depth"": 8, ""n_estimators"": 25}",2,validacion,f1_q,0.47135922330097085
n_estimators,25,rf,"{""max_depth"": 8, ""n_estimators"": 25}",3,train,auc,0.8197841148222145
n_estimators,25,rf,"{""max_depth"": 8, ""n_estimators"": 25}",3,train,ap,0.5376907348700299
n_estimators,25,rf,"{""max_depth"": 8, ""n_estimators"": 25}",3,train,recall_q,0.6432019759739531
n_estimators,25,rf,"{""max_depth"": 8, ""n_estimators"": 25}",3,train,precision_q,0.36236559139784946
n_estimators,25,rf,"{""max_depth"": 8, ""n_estimators"": 25}",3,train,f1_q,0.4635675850629122
n_estimators,25,rf,"{""max_depth"": 8, ""n_estimators"": 25}",3,validacion,auc,0.7947528800765009
n_estimators,25,rf,"{""max_depth"": 8, ""n_estimators"": 25}",3,validacion,ap,0.46998515795107976
n_estimators,25,rf,"{""max_depth"": 8, ""n_estimators"": 25}",3,validacion,recall_q,0.6159029649595688
n_estimators,25,rf,"{""max_depth"": 8, ""n_estimators"": 25}",3,validacion,precision_q,0.34673748103186647
n_estimators,25,rf,"{""max_depth"": 8, ""n_estimators"": 25}",3,validacion,f1_q,0.4436893203883495
n_estimators,25,rf,"{""max_depth"": 8, ""n_estimators"": 25}",4,train,auc,0.821041170600532
n_estimators,25,rf,"{""max_depth"": 8, ""n_estimators"": 25}",4,train,ap,0.5387453569783139
n_estimators,25,rf,"{""max_depth"": 8, ""n_estimators"": 25}",4,train,recall_q,0.643987874705288
n_estimators,25,rf,"{""max_depth"": 8, ""n_estimators"": 25}",4,train,precision_q,0.36280834914611004
n_estimators,25,rf,"{""max_depth"": 8, ""n_estimators"": 25}",4,train,f1_q,0.46413399684427725
n_estimators,25,rf,"{""max_depth"": 8, ""n_estimators"": 25}",4,validacion,auc,0.7894340867531697
n_estimators,25,rf,"{""max_depth"": 8, ""n_estimators"": 25}",4,validacion,ap,0.4525829851121922
n_estimators,25,rf,"{""max_depth"": 8, ""n_estimators"": 25}",4,validacion,recall_q,0.6320754716981132
n_estimators,25,rf,"{""max_depth"": 8, ""n_estimators"": 25}",4,validacion,precision_q,0.3558421851289833
n_estimators,25,rf,"{""max_depth"": 8, ""n_estimators"": 25}",4,validacion,f1_q,0.45533980582524275
n_estimators,25,rf,"{""max_depth"": 8, ""n_estimators"": 25}",5,train,auc,0.8220810725512779
n_estimators,25,rf,"{""max_depth"": 8, ""n_estimators"": 25}",5,train,ap,0.5478732405438915
n_estimators,25,rf,"{""max_depth"": 8, ""n_estimators"": 25}",5,train,recall_q,0.6452830188679245
n_estimators,25,rf,"{""max_depth"": 8, ""n_estimators"": 25}",5,train,precision_q,0.363415559772296
n_estimators,25,rf,"{""max_depth"": 8, ""n_estimators"": 25}",5,train,f1_q,0.4649672250546249
n_estimators,25,rf,"{""max_depth"": 8, ""n_estimators"": 25}",5,validacion,auc,0.7924590733933019
n_estimators,25,rf,"{""max_depth"": 8, ""n_estimators"": 25}",5,validacion,ap,0.44947799489057016
n_estimators,25,rf,"{""max_depth"": 8, ""n_estimators"": 25}",5,validacion,recall_q,0.6325706594885598
n_estimators,25,rf,"{""max_depth"": 8, ""n_estimators"": 25}",5,validacion,precision_q,0.3566009104704097
n_estimators,25,rf,"{""max_depth"": 8, ""n_estimators"": 25}",5,validacion,f1_q,0.4560892770499757
n_estimators,50,rf,"{""max_depth"": 8, ""n_estimators"": 50}",1,train,auc,0.8254921160189743
n_estimators,50,rf,"{""max_depth"": 8, ""n_estimators"": 50}",1,train,ap,0.5482150142620746
n_estimators,50,rf,"{""max_depth"": 8, ""n_estimators"": 50}",1,train,recall_q,0.643987874705288
n_estimators,50,rf,"{""max_depth"": 8, ""n_estimators"": 50}",1,train,precision_q,0.36280834914611004
n_estimators,50,rf,"{""max_depth"": 8, ""n_estimators"": 50}",1,train,f1_q,0.46413399684427725
n_estimators,50,rf,"{""max_depth"": 8, ""n_estimators"": 50}",1,validacion,auc,0.7889611437497753
n_estimators,50,rf,"{""max_depth"": 8, ""n_estimators"": 50}",1,validacion,ap,0.454462661063142
n_estimators,50,rf,"{""max_depth"": 8, ""n_estimators"": 50}",1,validacion,recall_q,0.601078167115903
n_estimators,50,rf,"{""max_depth"": 8, ""n_estimators"": 50}",1,validacion,precision_q,0.33839150227617604
n_estimators,50,rf,"{""max_depth"": 8, ""n_estimators"": 50}",1,validacion,f1_q,0.43300970873786415
n_estimators,50,rf,"{""max_depth"": 8, ""n_estimators"": 50}",2,train,auc,0.8214768116565586
n_estimators,50,rf,"{""max_depth"": 8, ""n_estimators"": 50}",2,train,ap,0.5431927288245264
n_estimators,50,rf,"{""max_depth"": 8, ""n_estimators"": 50}",2,train,recall_q,0.6409565510272819
n_estimators,50,rf,"{""max_depth"": 8, ""n_estimators"": 50}",2,train,precision_q,0.36110056925996203
n_estimators,50,rf,"{""max_depth"": 8, ""n_estimators"": 50}",2,train,f1_q,0.46194926568758343
n_estimators,50,rf,"{""max_depth"": 8, ""n_estimators"": 50}",2,validacion,auc,0.801592860047601
n_estimators,50,rf,"{""max_depth"": 8, ""n_estimators"": 50}",2,validacion,ap,0.46760646106063236
n_estimators,50,rf,"{""max_depth"": 8, ""n_estimators"": 50}",2,validacion,recall_q,0.6522911051212938
n_estimators,50,rf,"{""max_depth"": 8, ""n_estimators"": 50}",2,validacion,precision_q,0.36722306525037934
n_estimators,50,rf,"{""max_depth"": 8, ""n_estimators"": 50}",2,validacion,f1_q,0.4699029126213592
n_estimators,50,rf,"{""max_depth"": 8, ""n_estimators"": 50}",3,train,auc,0.820143060639423
n_estimators,50,rf,"{""max_depth"": 8, ""n_estimators"": 50}",3,train,ap,0.5425575391090769
n_estimators,50,rf,"{""max_depth"": 8, ""n_estimators"": 50}",3,train,recall_q,0.6409565510272819
n_estimators,50,rf,"{""max_depth"": 8, ""n_estimators"": 50}",3,train,precision_q,0.36110056925996203
n_estimators,50,rf,"{""max_depth"": 8, ""n_estimators"": 50}",3,train,f1_q,0.46194926568758343
n_estimators,50,rf,"{""max_depth"": 8, ""n_estimators"": 50}",3,validacion,auc,0.7962210436237185
n_estimators,50,rf,"{""max_depth"": 8, ""n_estimators"": 50}",3,validacion,ap,0.4713587460139603
n_estimators,50,rf,"{""max_depth"": 8, ""n_estimators"": 50}",3,validacion,recall_q,0.6145552560646901
n_estimators,50,rf,"{""max_depth"": 8, ""n_estimators"": 50}",3,validacion,precision_q,0.34597875569044007
n_estimators,50,rf,"{""max_depth"": 8, ""n_estimators"": 50}",3,validacion,f1_q,0.4427184466019417
n_estimators,50,rf,"{""max_depth"": 8, ""n_estimators"": 50}",4,train,auc,0.8221719374303402
n_estimators,50,rf,"{""max_depth"": 8, ""n_estimators"": 50}",4,train,ap,0.5428045121315067
n_estimators,50,rf,"{""max_depth"": 8, ""n_estimators"": 50}",4,train,recall_q,0.6409565510272819
n_estimators,50,rf,"{""max_depth"": 8, ""n_estimators"": 50}",4,train,precision_q,0.36110056925996203
n_estimators,50,rf,"{""max_depth"": 8, ""n_estimators"": 50}",4,train,f1_q,0.46194926568758343
n_estimators,50,rf,"{""max_depth"": 8, ""n_estimators"": 50}",4,validacion,auc,0.7926803684506097
n_estimators,50,rf,"{""max_depth"": 8, ""n_estimators"": 50}",4,validacion,ap,0.45656049109607993
n_estimators,50,rf,"{""max_depth"": 8, ""n_estimators"": 50}",4,validacion,recall_q,0.633423180592992
n_estimators,50,rf,"{""max_depth"": 8, ""n_estimators"": 50}",4,validacion,precision_q,0.3566009104704097
n_estimators,50,rf,"{""max_depth"": 8, ""n_estimators"": 50}",4,validacion,f1_q,0.45631067961165045
n_estimators,50,rf,"{""max_depth"": 8, ""n_estimators"": 50}",5,train,auc,0.8222049348023346
n_estimators,50,rf,"{""max_depth"": 8, ""n_estimators"": 50}",5,train,ap,0.5486244808534664
n_estimators,50,rf,"{""max_depth"": 8, ""n_estimators"": 50}",5,train,recall_q,0.6415094339622641
n_estimators,50,rf,"{""max_depth"": 8, ""n_estimators"": 50}",5,train,precision_q,0.36129032258064514
n_estimators,50,rf,"{""max_depth"": 8, ""n_estimators"": 50}",5,train,f1_q,0.4622481184753581
n_estimators,50,rf,"{""max_depth"": 8, ""n_estimators"": 50}",5,validacion,auc,0.793717813363851
n_estimators,50,rf,"{""max_depth"": 8, ""n_estimators"": 50}",5,validacion,ap,0.4513791189731745
n_estimators,50,rf,"{""max_depth"": 8, ""n_estimators"": 50}",5,validacion,recall_q,0.6366083445491252
n_estimators,50,rf,"{""max_depth"": 8, ""n_estimators"": 50}",5,validacion,precision_q,0.3588770864946889
n_estimators,50,rf,"{""max_depth"": 8, ""n_estimators"": 50}",5,validacion,f1_q,0.4590004852013585
n_estimators,100,rf,"{""max_depth"": 8, ""n_estimators"": 100}",1,train,auc,0.8262767927927995
n_estimators,100,rf,"{""max_depth"": 8, ""n_estimators"": 100}",1,train,ap,0.5488041325739973
n_estimators,100,rf,"{""max_depth"": 8, ""n_estimators"": 100}",1,train,recall_q,0.64499831593129
n_estimators,100,rf,"{""max_depth"": 8, ""n_estimators"": 100}",1,train,precision_q,0.3633776091081594
n_estimators,100,rf,"{""max_depth"": 8, ""n_estimators"": 100}",1,train,f1_q,0.4648622405631751
n_estimators,100,rf,"{""max_depth"": 8, ""n_estimators"": 100}",1,validacion,auc,0.7878633350331463
n_estimators,100,rf,"{""max_depth"": 8, ""n_estimators"": 100}",1,validacion,ap,0.4569123334074802
n_estimators,100,rf,"{""max_depth"": 8, ""n_estimators"": 100}",1,validacion,recall_q,0.6037735849056604
n_estimators,100,rf,"{""max_depth"": 8, ""n_estimators"": 100}",1,validacion,precision_q,0.33990895295902884
n_estimators,100,rf,"{""max_depth"": 8, ""n_estimators"": 100}",1,validacion,f1_q,0.43495145631067966
n_estimators,100,rf,"{""max_depth"": 8, ""n_estimators"": 100}",2,train,auc,0.8231379776658914
n_estimators,100,rf,"{""max_depth"": 8, ""n_estimators"": 100}",2,train,ap,0.5443663957285858
n_estimators,100,rf,"{""max_depth"": 8, ""n_estimators"": 100}",2,train,recall_q,0.6379252273492758
n_estimators,100,rf,"{""max_depth"": 8, ""n_estimators"": 100}",2,train,precision_q,0.359392789373814
n_estimators,100,rf,"{""max_depth"": 8, ""n_estimators"": 100}",2,train,f1_q,0.4597645345308896
n_estimators,100,rf,"{""max_depth"": 8, ""n_estimators"": 100}",2,validacion,auc,0.8025386307867799
n_estimators,100,rf,"{""max_depth"": 8, ""n_estimators"": 100}",2,validacion,ap,0.46666746856840524
n_estimators,100,rf,"{""max_depth"": 8, ""n_estimators"": 100}",2,validacion,recall_q,0.6495956873315364
n_estimators,100,rf,"{""max_depth"": 8, ""n_estimators"": 100}",2,validacion,precision_q,0.36570561456752654
n_estimators,100,rf,"{""max_depth"": 8, ""n_estimators"": 100}",2,validacion,f1_q,0.4679611650485437
n_estimators,100,rf,"{""max_depth"": 8, ""n_estimators"": 100}",3,train,auc,0.8228472862179456
n_estimators,100,rf,"{""max_depth"": 8, ""n_estimators"": 100}",3,train,ap,0.5453537746509394
n_estimators,100,rf,"{""max_depth"": 8, ""n_estimators"": 100}",3,train,recall_q,0.6423038059952846
n_estimators,100,rf,"{""max_depth"": 8, ""n_estimators"": 100}",3,train,precision_q,0.3618595825426945
n_estimators,100,rf,"{""max_depth"": 8, ""n_estimators"": 100}",3,train,f1_q,0.4629202573127807
n_estimators,100,rf,"{""max_depth"": 8, ""n_estimators"": 100}",3,validacion,auc,0.7975808556176361
n_estimators,100,rf,"{""max_depth"": 8, ""n_estimators"": 100}",3,validacion,ap,0.4711975637925162
n_estimators,100,rf,"{""max_depth"": 8, ""n_estimators"": 100}",3,validacion,recall_q,0.6185983827493261
n_estimators,100,rf,"{""max_depth"": 8, ""n_estimators"": 100}",3,validacion,precision_q,0.3482549317147193
n_estimators,100,rf,"{""max_depth"": 8, ""n_estimators"": 100}",3,validacion,f1_q,0.445631067961165
n_estimators,100,rf,"{""max_depth"": 8, ""n_estimators"": 100}",4,train,auc,0.8230462732358161
n_estimators,100,rf,"{""max_depth"": 8, ""n_estimators"": 100}",4,train,ap,0.5450253648165536
n_estimators,100,rf,"{""max_depth"": 8, ""n_estimators"": 100}",4,train,recall_q,0.6412933647692826
n_estimators,100,rf,"{""max_depth"": 8, ""n_estimators"": 100}",4,train,precision_q,0.36129032258064514
n_estimators,100,rf,"{""max_depth"": 8, ""n_estimators"": 100}",4,train,f1_q,0.4621920135938828
n_estimators,100,rf,"{""max_depth"": 8, ""n_estimators"": 100}",4,validacion,auc,0.7939770137943055
n_estimators,100,rf,"{""max_depth"": 8, ""n_estimators"": 100}",4,validacion,ap,0.4601244100331224
n_estimators,100,rf,"{""max_depth"": 8, ""n_estimators"": 100}",4,validacion,recall_q,0.6293800539083558
n_estimators,100,rf,"{""max_depth"": 8, ""n_estimators"": 100}",4,validacion,precision_q,0.3543247344461305
n_estimators,100,rf,"{""max_depth"": 8, ""n_estimators"": 100}",4,validacion,f1_q,0.45339805825242724
n_estimators,100,rf,"{""max_depth"": 8, ""n_estimators"": 100}",5,train,auc,0.823432967101241
n_estimators,100,rf,"{""max_depth"": 8, ""n_estimators"": 100}",5,train,ap,0.5492414340154184
n_estimators,100,rf,"{""max_depth"": 8, ""n_estimators"": 100}",5,train,recall_q,0.6469002695417789
n_estimators,100,rf,"{""max_depth"": 8, ""n_estimators"": 100}",5,train,precision_q,0.36432637571157495
n_estimators,100,rf,"{""max_depth"": 8, ""n_estimators"": 100}",5,train,f1_q,0.46613255644573925
n_estimators,100,rf,"{""max_depth"": 8, ""n_estimators"": 100}",5,validacion,auc,0.7938277645823523
n_estimators,100,rf,"{""max_depth"": 8, ""n_estimators"": 100}",5,validacion,ap,0.4557480524564966
n_estimators,100,rf,"{""max_depth"": 8, ""n_estimators"": 100}",5,validacion,recall_q,0.639300134589502
n_estimators,100,rf,"{""max_depth"": 8, ""n_estimators"": 100}",5,validacion,precision_q,0.3603945371775417
n_estimators,100,rf,"{""max_depth"": 8, ""n_estimators"": 100}",5,validacion,f1_q,0.4609412906356138
n_estimators,200,rf,"{""max_depth"": 8, ""n_estimators"": 200}",1,train,auc,0.8267056638681248
n_estimators,200,rf,"{""max_depth"": 8, ""n_estimators"": 200}",1,train,ap,0.5504882334061414
n_estimators,200,rf,"{""max_depth"": 8, ""n_estimators"": 200}",1,train,recall_q,0.6433142472212866
n_estimators,200,rf,"{""max_depth"": 8, ""n_estimators"": 200}",1,train,precision_q,0.36242884250474383
n_estimators,200,rf,"{""max_depth"": 8, ""n_estimators"": 200}",1,train,f1_q,0.4636485010316786
n_estimators,200,rf,"{""max_depth"": 8, ""n_estimators"": 200}",1,validacion,auc,0.7875084260622832
n_estimators,200,rf,"{""max_depth"": 8, ""n_estimators"": 200}",1,validacion,ap,0.45574221884028815
n_estimators,200,rf,"{""max_depth"": 8, ""n_estimators"": 200}",1,validacion,recall_q,0.6064690026954178
n_estimators,200,rf,"{""max_depth"": 8, ""n_estimators"": 200}",1,validacion,precision_q,0.34142640364188165
n_estimators,200,rf,"{""max_depth"": 8, ""n_estimators"": 200}",1,validacion,f1_q,0.4368932038834951
n_estimators,200,rf,"{""max_depth"": 8, ""n_estimators"": 200}",2,train,auc,0.8247804253987953
n_estimators,200,rf,"{""max_depth"": 8, ""n_estimators"": 200}",2,train,ap,0.5451970970674573
n_estimators,200,rf,"{""max_depth"": 8, ""n_estimators"": 200}",2,train,recall_q,0.6399461098012799
n_estimators,200,rf,"{""max_depth"": 8, ""n_estimators"": 200}",2,train,precision_q,0.3605313092979127
n_estimators,200,rf,"{""max_depth"": 8, ""n_estimators"": 200}",2,train,f1_q,0.46122102196868553
n_estimators,200,rf,"{""max_depth"": 8, ""n_estimators"": 200}",2,validacion,auc,0.8023544331461695
n_estimators,200,rf,"{""max_depth"": 8, ""n_estimators"": 200}",2,validacion,ap,0.465777116860365
n_estimators,200,rf,"{""max_depth"": 8, ""n_estimators"": 200}",2,validacion,recall_q,0.6536388140161725
n_estimators,200,rf,"{""max_depth"": 8, ""n_estimators"": 200}",2,validacion,precision_q,0.36798179059180575
n_estimators,200,rf,"{""max_depth"": 8, ""n_estimators"": 200}",2,validacion,f1_q,0.47087378640776695
n_estimators,200,rf,"{""max_depth"": 8, ""n_estimators"": 200}",3,train,auc,0.8249738379857481
n_estimators,200,rf,"{""max_depth"": 8, ""n_estimators"": 200}",3,train,ap,0.5480366683162948
n_estimators,200,rf,"{""max_depth"": 8, ""n_estimators"": 200}",3,train,recall_q,0.6429774334792859
n_estimators,200,rf,"{""max_depth"": 8, ""n_estimators"": 200}",3,train,precision_q,0.3622390891840607
n_estimators,200,rf,"{""max_depth"": 8, ""n_estimators"": 200}",3,train,f1_q,0.4634057531253793
n_estimators,200,rf,"{""max_depth"": 8, ""n_estimators"": 200}",3,validacion,auc,0.7983048514753793
n_estimators,200,rf,"{""max_depth"": 8, ""n_estimators"": 200}",3,validacion,ap,0.47167024719861006
n_estimators,200,rf,"{""max_depth"": 8, ""n_estimators"": 200}",3,validacion,recall_q,0.6185983827493261
n_estimators,200,rf,"{""max_depth"": 8, ""n_estimators"": 200}",3,validacion,precision_q,0.3482549317147193
n_estimators,200,rf,"{""max_depth"": 8, ""n_estimators"": 200}",3,validacion,f1_q,0.445631067961165
n_estimators,200,rf,"{""max_depth"": 8, ""n_estimators"": 200}",4,train,auc,0.8236691402687715
n_estimators,200,rf,"{""max_depth"": 8, ""n_estimators"": 200}",4,train,ap,0.5450328842447432
n_estimators,200,rf,"{""max_depth"": 8, ""n_estimators"": 200}",4,train,recall_q,0.6406197372852812
n_estimators,200,rf,"{""max_depth"": 8, ""n_estimators"": 200}",4,train,precision_q,0.36091081593927893
n_estimators,200,rf,"{""max_depth"": 8, ""n_estimators"": 200}",4,train,f1_q,0.4617065177812841
n_estimators,200,rf,"{""max_depth"": 8, ""n_estimators"": 200}",4,validacion,auc,0.7931270304389483
n_estimators,200,rf,"{""max_depth"": 8, ""n_estimators"": 200}",4,validacion,ap,0.4597314489184954
n_estimators,200,rf,"{""max_depth"": 8, ""n_estimators"": 200}",4,validacion,recall_q,0.6293800539083558
n_estimators,200,rf,"{""max_depth"": 8, ""n_estimators"": 200}",4,validacion,precision_q,0.3543247344461305
n_estimators,200,rf,"{""max_depth"": 8, ""n_estimators"": 200}",4,validacion,f1_q,0.45339805825242724
n_estimators,200,rf,"{""max_depth"": 8, ""n_estimators"": 200}",5,train,auc,0.8247326814450501
n_estimators,200,rf,"{""max_depth"": 8, ""n_estimators"": 200}",5,train,ap,0.549495104409273
n_estimators,200,rf,"{""max_depth"": 8, ""n_estimators"": 200}",5,train,recall_q,0.6455525606469003
n_estimators,200,rf,"{""max_depth"": 8, ""n_estimators"": 200}",5,train,precision_q,0.3635673624288425
n_estimators,200,rf,"{""max_depth"": 8, ""n_estimators"": 200}",5,train,f1_q,0.46516144695314393
n_estimators,200,rf,"{""max_depth"": 8, ""n_estimators"": 200}",5,validacion,auc,0.7946764037777166
n_estimators,200,rf,"{""max_depth"": 8, ""n_estimators"": 200}",5,validacion,ap,0.45795094066113573
n_estimators,200,rf,"{""max_depth"": 8, ""n_estimators"": 200}",5,validacion,recall_q,0.639300134589502
n_estimators,200,rf,"{""max_depth"": 8, ""n_estimators"": 200}",5,validacion,precision_q,0.3603945371775417
n_estimators,200,rf,"{""max_depth"": 8, ""n_estimators"": 200}",5,validacion,f1_q,0.4609412906356138
n_estimators,400,rf,"{""max_depth"": 8, ""n_estimators"": 400}",1,train,auc,0.8271704662559172
n_estimators,400,rf,"{""max_depth"": 8, ""n_estimators"": 400}",1,train,ap,0.5512023774956952
n_estimators,400,rf,"{""max_depth"": 8, ""n_estimators"": 400}",1,train,recall_q,0.6456719434152913
n_estimators,400,rf,"{""max_depth"": 8, ""n_estimators"": 400}",1,train,precision_q,0.36375711574952563
n_estimators,400,rf,"{""max_depth"": 8, ""n_estimators"": 400}",1,train,f1_q,0.46534773637577376
n_estimators,400,rf,"{""max_depth"": 8, ""n_estimators"": 400}",1,validacion,auc,0.7876474387998151
n_estimators,400,rf,"{""max_depth"": 8, ""n_estimators"": 400}",1,validacion,ap,0.456015854735013
n_estimators,400,rf,"{""max_depth"": 8, ""n_estimators"": 400}",1,validacion,recall_q,0.6024258760107817
n_estimators,400,rf,"{""max_depth"": 8, ""n_estimators"": 400}",1,validacion,precision_q,0.33915022761760244
n_estimators,400,rf,"{""max_depth"": 8, ""n_estimators"": 400}",1,validacion,f1_q,0.4339805825242719
n_estimators,400,rf,"{""max_depth"": 8, ""n_estimators"": 400}",2,train,auc,0.8244055557227244
n_estimators,400,rf,"{""max_depth"": 8, ""n_estimators"": 400}",2,train,ap,0.5455699064550601
n_estimators,400,rf,"{""max_depth"": 8, ""n_estimators"": 400}",2,train,recall_q,0.6379252273492758
n_estimators,400,rf,"{""max_depth"": 8, ""n_estimators"": 400}",2,train,precision_q,0.359392789373814
n_estimators,400,rf,"{""max_depth"": 8, ""n_estimators"": 400}",2,train,f1_q,0.4597645345308896
n_estimators,400,rf,"{""max_depth"": 8, ""n_estimators"": 400}",2,validacion,auc,0.802632804424063
n_estimators,400,rf,"{""max_depth"": 8, ""n_estimators"": 400}",2,validacion,ap,0.46662262490630857
n_estimators,400,rf,"{""max_depth"": 8, ""n_estimators"": 400}",2,validacion,recall_q,0.6536388140161725
n_estimators,400,rf,"{""max_depth"": 8, ""n_estimators"": 400}",2,validacion,precision_q,0.36798179059180575
n_estimators,400,rf,"{""max_depth"": 8, ""n_estimators"": 400}",2,validacion,f1_q,0.47087378640776695
n_estimators,400,rf,"{""max_depth"": 8, ""n_estimators"": 400}",3,train,auc,0.8256140548947776
n_estimators,400,rf,"{""max_depth"": 8, ""n_estimators"": 400}",3,train,ap,0.5484962533521005
n_estimators,400,rf,"{""max_depth"": 8, ""n_estimators"": 400}",3,train,recall_q,0.6446615021892893
n_estimators,400,rf,"{""max_depth"": 8, ""n_estimators"": 400}",3,train,precision_q,0.36318785578747625
n_estimators,400,rf,"{""max_depth"": 8, ""n_estimators"": 400}",3,train,f1_q,0.4646194926568758
n_estimators,400,rf,"{""max_depth"": 8, ""n_estimators"": 400}",3,validacion,auc,0.7991648631127972
n_estimators,400,rf,"{""max_depth"": 8, ""n_estimators"": 400}",3,validacion,ap,0.4717670631130776
n_estimators,400,rf,"{""max_depth"": 8, ""n_estimators"": 400}",3,validacion,recall_q,0.6226415094339622
n_estimators,400,rf,"{""max_depth"": 8, ""n_estimators"": 400}",3,validacion,precision_q,0.3505311077389985
n_estimators,400,rf,"{""max_depth"": 8, ""n_estimators"": 400}",3,validacion,f1_q,0.44854368932038835
n_estimators,400,rf,"{""max_depth"": 8, ""n_estimators"": 400}",4,train,auc,0.824880851580604
n_estimators,400,rf,"{""max_depth"": 8, ""n_estimators"": 400}",4,train,ap,0.5452841103239592
n_estimators,400,rf,"{""max_depth"": 8, ""n_estimators"": 400}",4,train,recall_q,0.6406197372852812
n_estimators,400,rf,"{""max_depth"": 8, ""n_estimators"": 400}",4,train,precision_q,0.36091081593927893
n_estimators,400,rf,"{""max_depth"": 8, ""n_estimators"": 400}",4,train,f1_q,0.4617065177812841
n_estimators,400,rf,"{""max_depth"": 8, ""n_estimators"": 400}",4,validacion,auc,0.7941776947031306
n_estimators,400,rf,"{""max_depth"": 8, ""n_estimators"": 400}",4,validacion,ap,0.46030146450611237
n_estimators,400,rf,"{""max_depth"": 8, ""n_estimators"": 400}",4,validacion,recall_q,0.6293800539083558
n_estimators,400,rf,"{""max_depth"": 8, ""n_estimators"": 400}",4,validacion,precision_q,0.3543247344461305
n_estimators,400,rf,"{""max_depth"": 8, ""n_estimators"": 400}",4,validacion,f1_q,0.45339805825242724
n_estimators,400,rf,"{""max_depth"": 8, ""n_estimators"": 400}",5,train,auc,0.8253753560040131
n_estimators,400,rf,"{""max_depth"": 8, ""n_estimators"": 400}",5,train,ap,0.5500302073688108
n_estimators,400,rf,"{""max_depth"": 8, ""n_estimators"": 400}",5,train,recall_q,0.6418463611859838
n_estimators,400,rf,"{""max_depth"": 8, ""n_estimators"": 400}",5,train,precision_q,0.36148007590132825
n_estimators,400,rf,"{""max_depth"": 8, ""n_estimators"": 400}",5,train,f1_q,0.4624908958485069
n_estimators,400,rf,"{""max_depth"": 8, ""n_estimators"": 400}",5,validacion,auc,0.794227042933936
n_estimators,400,rf,"{""max_depth"": 8, ""n_estimators"": 400}",5,validacion,ap,0.4563811226472356
n_estimators,400,rf,"{""max_depth"": 8, ""n_estimators"": 400}",5,validacion,recall_q,0.639300134589502
n_estimators,400,rf,"{""max_depth"": 8, ""n_estimators"": 400}",5,validacion,precision_q,0.3603945371775417
n_estimators,400,rf,"{""max_depth"": 8, ""n_estimators"": 400}",5,validacion,f1_q,0.4609412906356138
n_estimators,800,rf,"{""max_depth"": 8, ""n_estimators"": 800}",1,train,auc,0.8274664800610313
n_estimators,800,rf,"{""max_depth"": 8, ""n_estimators"": 800}",1,train,ap,0.5509908920050074
n_estimators,800,rf,"{""max_depth"": 8, ""n_estimators"": 800}",1,train,recall_q,0.64499831593129
n_estimators,800,rf,"{""max_depth"": 8, ""n_estimators"": 800}",1,train,precision_q,0.3633776091081594
n_estimators,800,rf,"{""max_depth"": 8, ""n_estimators"": 800}",1,train,f1_q,0.4648622405631751
n_estimators,800,rf,"{""max_depth"": 8, ""n_estimators"": 800}",1,validacion,auc,0.7876006401501983
n_estimators,800,rf,"{""max_depth"": 8, ""n_estimators"": 800}",1,validacion,ap,0.45614228534410856
n_estimators,800,rf,"{""max_depth"": 8, ""n_estimators"": 800}",1,validacion,recall_q,0.6024258760107817
n_estimators,800,rf,"{""max_depth"": 8, ""n_estimators"": 800}",1,validacion,precision_q,0.33915022761760244
n_estimators,800,rf,"{""max_depth"": 8, ""n_estimators"": 800}",1,validacion,f1_q,0.4339805825242719
n_estimators,800,rf,"{""max_depth"": 8, ""n_estimators"": 800}",2,train,auc,0.8249788722586313
n_estimators,800,rf,"{""max_depth"": 8, ""n_estimators"": 800}",2,train,ap,0.5453256132173717
n_estimators,800,rf,"{""max_depth"": 8, ""n_estimators"": 800}",2,train,recall_q,0.6402829235432805
n_estimators,800,rf,"{""max_depth"": 8, ""n_estimators"": 800}",2,train,precision_q,0.3607210626185958
n_estimators,800,rf,"{""max_depth"": 8, ""n_estimators"": 800}",2,train,f1_q,0.4614637698749848
n_estimators,800,rf,"{""max_depth"": 8, ""n_estimators"": 800}",2,validacion,auc,0.8032315043898516
n_estimators,800,rf,"{""max_depth"": 8, ""n_estimators"": 800}",2,validacion,ap,0.46639839414143325
n_estimators,800,rf,"{""max_depth"": 8, ""n_estimators"": 800}",2,validacion,recall_q,0.6509433962264151
n_estimators,800,rf,"{""max_depth"": 8, ""n_estimators"": 800}",2,validacion,precision_q,0.36646433990895294
n_estimators,800,rf,"{""max_depth"": 8, ""n_estimators"": 800}",2,validacion,f1_q,0.46893203883495144
n_estimators,800,rf,"{""max_depth"": 8, ""n_estimators"": 800}",3,train,auc,0.8254898545573357
n_estimators,800,rf,"{""max_depth"": 8, ""n_estimators"": 800}",3,train,ap,0.547693098464914
n_estimators,800,rf,"{""max_depth"": 8, ""n_estimators"": 800}",3,train,recall_q,0.6426406197372853
n_estimators,800,rf,"{""max_depth"": 8, ""n_estimators"": 800}",3,train,precision_q,0.3620493358633776
n_estimators,800,rf,"{""max_depth"": 8, ""n_estimators"": 800}",3,train,f1_q,0.46316300521907994
n_estimators,800,rf,"{""max_depth"": 8, ""n_estimators"": 800}",3,validacion,auc,0.7984545841006315
n_estimators,800,rf,"{""max_depth"": 8, ""n_estimators"": 800}",3,validacion,ap,0.47119796703655215
n_estimators,800,rf,"{""max_depth"": 8, ""n_estimators"": 800}",3,validacion,recall_q,0.6212938005390836
n_estimators,800,rf,"{""max_depth"": 8, ""n_estimators"": 800}",3,validacion,precision_q,0.3497723823975721
n_estimators,800,rf,"{""max_depth"": 8, ""n_estimators"": 800}",3,validacion,f1_q,0.44757281553398065
n_estimators,800,rf,"{""max_depth"": 8, ""n_estimators"": 800}",4,train,auc,0.8251041241037139
n_estimators,800,rf,"{""max_depth"": 8, ""n_estimators"": 800}",4,train,ap,0.5449522645867774
n_estimators,800,rf,"{""max_depth"": 8, ""n_estimators"": 800}",4,train,recall_q,0.6396092960592792
n_estimators,800,rf,"{""max_depth"": 8, ""n_estimators"": 800}",4,train,precision_q,0.3603415559772296
n_estimators,800,rf,"{""max_depth"": 8, ""n_estimators"": 800}",4,train,f1_q,0.46097827406238623
n_estimators,800,rf,"{""max_depth"": 8, ""n_estimators"": 800}",4,validacion,auc,0.7944112268807755
n_estimators,800,rf,"{""max_depth"": 8, ""n_estimators"": 800}",4,validacion,ap,0.45979921069955365
n_estimators,800,rf,"{""max_depth"": 8, ""n_estimators"": 800}",4,validacion,recall_q,0.6307277628032345
n_estimators,800,rf,"{""max_depth"": 8, ""n_estimators"": 800}",4,validacion,precision_q,0.3550834597875569
n_estimators,800,rf,"{""max_depth"": 8, ""n_estimators"": 800}",4,validacion,f1_q,0.454368932038835
n_estimators,800,rf,"{""max_depth"": 8, ""n_estimators"": 800}",5,train,auc,0.8260422151483771
n_estimators,800,rf,"{""max_depth"": 8, ""n_estimators"": 800}",5,train,ap,0.5496897445025938
n_estimators,800,rf,"{""max_depth"": 8, ""n_estimators"": 800}",5,train,recall_q,0.6425202156334232
n_estimators,800,rf,"{""max_depth"": 8, ""n_estimators"": 800}",5,train,precision_q,0.3618595825426945
n_estimators,800,rf,"{""max_depth"": 8, ""n_estimators"": 800}",5,train,f1_q,0.4629764505948046
n_estimators,800,rf,"{""max_depth"": 8, ""n_estimators"": 800}",5,validacion,auc,0.7943313526763047
n_estimators,800,rf,"{""max_depth"": 8, ""n_estimators"": 800}",5,validacion,ap,0.4563994630626015
n_estimators,800,rf,"{""max_depth"": 8, ""n_estimators"": 800}",5,validacion,recall_q,0.6379542395693136
n_estimators,800,rf,"{""max_depth"": 8, ""n_estimators"": 800}",5,validacion,precision_q,0.3596358118361153
n_estimators,800,rf,"{""max_depth"": 8, ""n_estimators"": 800}",5,validacion,f1_q,0.45997088791848617
