variante,modelo,configuracion,fold,conjunto,metrica,valor
A0,rf,"{""n_estimators"": 300}",1,train,auc,0.999905515556573
A0,rf,"{""n_estimators"": 300}",1,train,ap,0.9992782176951973
A0,rf,"{""n_estimators"": 300}",1,train,recall_q,1.0
A0,rf,"{""n_estimators"": 300}",1,train,precision_q,0.5633776091081594
A0,rf,"{""n_estimators"": 300}",1,train,f1_q,0.7207185338026458
A0,rf,"{""n_estimators"": 300}",1,validacion,auc,0.7591155931256243
A0,rf,"{""n_estimators"": 300}",1,validacion,ap,0.4028467927219722
A0,rf,"{""n_estimators"": 300}",1,validacion,recall_q,0.5897415570001585
A0,rf,"{""n_estimators"": 300}",1,validacion,precision_q,0.33200928322770684
A0,rf,"{""n_estimators"": 300}",1,validacion,f1_q,0.4248429468874928
A0,rf,"{""n_estimators"": 300}",2,train,auc,0.9998845142121846
A0,rf,"{""n_estimators"": 300}",2,train,ap,0.9990785821050246
A0,rf,"{""n_estimators"": 300}",2,train,recall_q,1.0
A0,rf,"{""n_estimators"": 300}",2,train,precision_q,0.5633776091081594
A0,rf,"{""n_estimators"": 300}",2,train,f1_q,0.7207185338026458
A0,rf,"{""n_estimators"": 300}",2,validacion,auc,0.7762259171382649
A0,rf,"{""n_estimators"": 300}",2,validacion,ap,0.4114745928822143
A0,rf,"{""n_estimators"": 300}",2,validacion,recall_q,0.6138814016172507
A0,rf,"{""n_estimators"": 300}",2,validacion,precision_q,0.34559939301972686
A0,rf,"{""n_estimators"": 300}",2,validacion,f1_q,0.44223300970873786
A0,rf,"{""n_estimators"": 300}",3,train,auc,0.999891457043457
A0,rf,"{""n_estimators"": 300}",3,train,ap,0.9991222420002441
A0,rf,"{""n_estimators"": 300}",3,train,recall_q,1.0
A0,rf,"{""n_estimators"": 300}",3,train,precision_q,0.5633776091081594
A0,rf,"{""n_estimators"": 300}",3,train,f1_q,0.7207185338026458
A0,rf,"{""n_estimators"": 300}",3,validacion,auc,0.7677290805425507
A0,rf,"{""n_estimators"": 300}",3,validacion,ap,0.41541905644491817
A0,rf,"{""n_estimators"": 300}",3,validacion,recall_q,0.605121293800539
A0,rf,"{""n_estimators"": 300}",3,validacion,precision_q,0.34066767830045525
A0,rf,"{""n_estimators"": 300}",3,validacion,f1_q,0.4359223300970874
A0,rf,"{""n_estimators"": 300}",4,train,auc,0.999864189865866
A0,rf,"{""n_estimators"": 300}",4,train,ap,0.9988998692041098
A0,rf,"{""n_estimators"": 300}",4,train,recall_q,1.0
A0,rf,"{""n_estimators"": 300}",4,train,precision_q,0.5633776091081594
A0,rf,"{""n_estimators"": 300}",4,train,f1_q,0.7207185338026458
A0,rf,"{""n_estimators"": 300}",4,validacion,auc,0.7779768321325522
A0,rf,"{""n_estimators"": 300}",4,validacion,ap,0.4096720214774365
A0,rf,"{""n_estimators"": 300}",4,validacion,recall_q,0.6078167115902965
A0,rf,"{""n_estimators"": 300}",4,validacion,precision_q,0.34218512898330805
A0,rf,"{""n_estimators"": 300}",4,validacion,f1_q,0.4378640776699029
A0,rf,"{""n_estimators"": 300}",5,train,auc,0.999902310700615
A0,rf,"{""n_estimators"": 300}",5,train,ap,0.9992691182437334
A0,rf,"{""n_estimators"": 300}",5,train,recall_q,1.0
A0,rf,"{""n_estimators"": 300}",5,train,precision_q,0.5631878557874763
A0,rf,"{""n_estimators"": 300}",5,train,f1_q,0.7205632435057053
A0,rf,"{""n_estimators"": 300}",5,validacion,auc,0.7677312170506132
A0,rf,"{""n_estimators"": 300}",5,validacion,ap,0.41074293959819597
A0,rf,"{""n_estimators"": 300}",5,validacion,recall_q,0.6157469717362046
A0,rf,"{""n_estimators"": 300}",5,validacion,precision_q,0.34711684370257967
A0,rf,"{""n_estimators"": 300}",5,validacion,f1_q,0.4439592430858807
A1,rf,"{""n_estimators"": 300}",1,train,auc,1.0
A1,rf,"{""n_estimators"": 300}",1,train,ap,1.0
A1,rf,"{""n_estimators"": 300}",1,train,recall_q,1.0
A1,rf,"{""n_estimators"": 300}",1,train,precision_q,0.5633776091081594
A1,rf,"{""n_estimators"": 300}",1,train,f1_q,0.7207185338026458
A1,rf,"{""n_estimators"": 300}",1,validacion,auc,0.940338176724611
A1,rf,"{""n_estimators"": 300}",1,validacion,ap,0.6463287441933989
A1,rf,"{""n_estimators"": 300}",1,validacion,recall_q,0.862288654741485
A1,rf,"{""n_estimators"": 300}",1,validacion,precision_q,0.48544626845082084
A1,rf,"{""n_estimators"": 300}",1,validacion,f1_q,0.6211827007943513
A1,rf,"{""n_estimators"": 300}",2,train,auc,1.0
A1,rf,"{""n_estimators"": 300}",2,train,ap,1.0
A1,rf,"{""n_estimators"": 300}",2,train,recall_q,1.0
A1,rf,"{""n_estimators"": 300}",2,train,precision_q,0.5633776091081594
A1,rf,"{""n_estimators"": 300}",2,train,f1_q,0.7207185338026458
A1,rf,"{""n_estimators"": 300}",2,validacion,auc,0.9395849028939545
A1,rf,"{""n_estimators"": 300}",2,validacion,ap,0.6265837318338101
A1,rf,"{""n_estimators"": 300}",2,validacion,recall_q,0.8544474393530997
A1,rf,"{""n_estimators"": 300}",2,validacion,precision_q,0.48103186646433993
A1,rf,"{""n_estimators"": 300}",2,validacion,f1_q,0.6155339805825243
A1,rf,"{""n_estimators"": 300}",3,train,auc,1.0
A1,rf,"{""n_estimators"": 300}",3,train,ap,1.0
A1,rf,"{""n_estimators"": 300}",3,train,recall_q,1.0
A1,rf,"{""n_estimators"": 300}",3,train,precision_q,0.5633776091081594
A1,rf,"{""n_estimators"": 300}",3,train,f1_q,0.7207185338026458
A1,rf,"{""n_estimators"": 300}",3,validacion,auc,0.9392908552211157
A1,rf,"{""n_estimators"": 300}",3,validacion,ap,0.6390239854267064
A1,rf,"{""n_estimators"": 300}",3,validacion,recall_q,0.866576819407008
A1,rf,"{""n_estimators"": 300}",3,validacion,precision_q,0.48786039453717756
A1,rf,"{""n_estimators"": 300}",3,validacion,f1_q,0.6242718446601943
A1,rf,"{""n_estimators"": 300}",4,train,auc,0.9999999999999999
A1,rf,"{""n_estimators"": 300}",4,train,ap,1.0
A1,rf,"{""n_estimators"": 300}",4,train,recall_q,1.0
A1,rf,"{""n_estimators"": 300}",4,train,precision_q,0.5633776091081594
A1,rf,"{""n_estimators"": 300}",4,train,f1_q,0.7207185338026458
A1,rf,"{""n_estimators"": 300}",4,validacion,auc,0.9420333021957097
A1,rf,"{""n_estimators"": 300}",4,validacion,ap,0.6324911103351673
A1,rf,"{""n_estimators"": 300}",4,validacion,recall_q,0.8491602736885756
A1,rf,"{""n_estimators"": 300}",4,validacion,precision_q,0.47805532858643635
A1,rf,"{""n_estimators"": 300}",4,validacion,f1_q,0.6117251680358478
A1,rf,"{""n_estimators"": 300}",5,train,auc,1.0
A1,rf,"{""n_estimators"": 300}",5,train,ap,1.0
A1,rf,"{""n_estimators"": 300}",5,train,recall_q,1.0
A1,rf,"{""n_estimators"": 300}",5,train,precision_q,0.5631878557874763
A1,rf,"{""n_estimators"": 300}",5,train,f1_q,0.7205632435057053
A1,rf,"{""n_estimators"": 300}",5,validacion,auc,0.9361388355762998
A1,rf,"{""n_estimators"": 300}",5,validacion,ap,0.6275867262718713
A1,rf,"{""n_estimators"": 300}",5,validacion,recall_q,0.8534256232775748
A1,rf,"{""n_estimators"": 300}",5,validacion,precision_q,0.4811041260206662
A1,rf,"{""n_estimators"": 300}",5,validacion,f1_q,0.6153277419652965
A2,rf,"{""n_estimators"": 300}",1,train,auc,0.9999056019818586
A2,rf,"{""n_estimators"": 300}",1,train,ap,0.9992763075155175
A2,rf,"{""n_estimators"": 300}",1,train,recall_q,1.0
A2,rf,"{""n_estimators"": 300}",1,train,precision_q,0.5633776091081594
A2,rf,"{""n_estimators"": 300}",1,train,f1_q,0.7207185338026458
A2,rf,"{""n_estimators"": 300}",1,validacion,auc,0.7615843947943304
A2,rf,"{""n_estimators"": 300}",1,validacion,ap,0.40190135305076247
A2,rf,"{""n_estimators"": 300}",1,validacion,recall_q,0.582659478885894
A2,rf,"{""n_estimators"": 300}",1,validacion,precision_q,0.3280222559433485
A2,rf,"{""n_estimators"": 300}",1,validacion,f1_q,0.4197411003236246
A2,rf,"{""n_estimators"": 300}",2,train,auc,0.9998839884583641
A2,rf,"{""n_estimators"": 300}",2,train,ap,0.9990738928137074
A2,rf,"{""n_estimators"": 300}",2,train,recall_q,1.0
A2,rf,"{""n_estimators"": 300}",2,train,precision_q,0.5633776091081594
A2,rf,"{""n_estimators"": 300}",2,train,f1_q,0.7207185338026458
A2,rf,"{""n_estimators"": 300}",2,validacion,auc,0.7764655584992342
A2,rf,"{""n_estimators"": 300}",2,validacion,ap,0.4093890551062281
A2,rf,"{""n_estimators"": 300}",2,validacion,recall_q,0.6128301886792453
A2,rf,"{""n_estimators"": 300}",2,validacion,precision_q,0.3450075872534143
A2,rf,"{""n_estimators"": 300}",2,validacion,f1_q,0.44147572815533986
A2,rf,"{""n_estimators"": 300}",3,train,auc,0.9998890803481043
A2,rf,"{""n_estimators"": 300}",3,train,ap,0.9990971901414825
A2,rf,"{""n_estimators"": 300}",3,train,recall_q,1.0
A2,rf,"{""n_estimators"": 300}",3,train,precision_q,0.5633776091081594
A2,rf,"{""n_estimators"": 300}",3,train,f1_q,0.7207185338026458
A2,rf,"{""n_estimators"": 300}",3,validacion,auc,0.7643903542219759
A2,rf,"{""n_estimators"": 300}",3,validacion,ap,0.4083323887170218
A2,rf,"{""n_estimators"": 300}",3,validacion,recall_q,0.5964130209413229
A2,rf,"{""n_estimators"": 300}",3,validacion,precision_q,0.3357651453250846
A2,rf,"{""n_estimators"": 300}",3,validacion,f1_q,0.4296489917849141
A2,rf,"{""n_estimators"": 300}",4,train,auc,0.9998639954089736
A2,rf,"{""n_estimators"": 300}",4,train,ap,0.9989010039374762
A2,rf,"{""n_estimators"": 300}",4,train,recall_q,1.0
A2,rf,"{""n_estimators"": 300}",4,train,precision_q,0.5633776091081594
A2,rf,"{""n_estimators"": 300}",4,train,f1_q,0.7207185338026458
A2,rf,"{""n_estimators"": 300}",4,validacion,auc,0.7785753015631209
A2,rf,"{""n_estimators"": 300}",4,validacion,ap,0.4081895543611755
A2,rf,"{""n_estimators"": 300}",4,validacion,recall_q,0.6139426611124724
A2,rf,"{""n_estimators"": 300}",4,validacion,precision_q,0.34563388053524624
A2,rf,"{""n_estimators"": 300}",4,validacion,f1_q,0.4422771403353927
A2,rf,"{""n_estimators"": 300}",5,train,auc,0.9999009779188756
A2,rf,"{""n_estimators"": 300}",5,train,ap,0.9992588259959115
A2,rf,"{""n_estimators"": 300}",5,train,recall_q,1.0
A2,rf,"{""n_estimators"": 300}",5,train,precision_q,0.5631878557874763
A2,rf,"{""n_estimators"": 300}",5,train,f1_q,0.7205632435057053
A2,rf,"{""n_estimators"": 300}",5,validacion,auc,0.76941997566106
A2,rf,"{""n_estimators"": 300}",5,validacion,ap,0.40840960271083054
A2,rf,"{""n_estimators"": 300}",5,validacion,recall_q,0.6174966352624496
A2,rf,"{""n_estimators"": 300}",5,validacion,precision_q,0.348103186646434
A2,rf,"{""n_estimators"": 300}",5,validacion,f1_q,0.4452207666181465
A3,rf,"{""n_estimators"": 300}",1,train,auc,0.9999049249837886
A3,rf,"{""n_estimators"": 300}",1,train,ap,0.9992730782456836
A3,rf,"{""n_estimators"": 300}",1,train,recall_q,1.0
A3,rf,"{""n_estimators"": 300}",1,train,precision_q,0.5633776091081594
A3,rf,"{""n_estimators"": 300}",1,train,f1_q,0.7207185338026458
A3,rf,"{""n_estimators"": 300}",1,validacion,auc,0.7646348368225608
A3,rf,"{""n_estimators"": 300}",1,validacion,ap,0.40555006505548197
A3,rf,"{""n_estimators"": 300}",1,validacion,recall_q,0.5929020664869722
A3,rf,"{""n_estimators"": 300}",1,validacion,precision_q,0.33378856853818917
A3,rf,"{""n_estimators"": 300}",1,validacion,f1_q,0.42711974110032364
A3,rf,"{""n_estimators"": 300}",2,train,auc,0.9998824256011171
A3,rf,"{""n_estimators"": 300}",2,train,ap,0.9990589225827203
A3,rf,"{""n_estimators"": 300}",2,train,recall_q,1.0
A3,rf,"{""n_estimators"": 300}",2,train,precision_q,0.5633776091081594
A3,rf,"{""n_estimators"": 300}",2,train,f1_q,0.7207185338026458
A3,rf,"{""n_estimators"": 300}",2,validacion,auc,0.7777496396734515
A3,rf,"{""n_estimators"": 300}",2,validacion,ap,0.40803504833817555
A3,rf,"{""n_estimators"": 300}",2,validacion,recall_q,0.6102670913991669
A3,rf,"{""n_estimators"": 300}",2,validacion,precision_q,0.3435646296040833
A3,rf,"{""n_estimators"": 300}",2,validacion,f1_q,0.43962930273609885
A3,rf,"{""n_estimators"": 300}",3,train,auc,0.9998904343442445
A3,rf,"{""n_estimators"": 300}",3,train,ap,0.9991149630838058
A3,rf,"{""n_estimators"": 300}",3,train,recall_q,1.0
A3,rf,"{""n_estimators"": 300}",3,train,precision_q,0.5633776091081594
A3,rf,"{""n_estimators"": 300}",3,train,f1_q,0.7207185338026458
A3,rf,"{""n_estimators"": 300}",3,validacion,auc,0.767790748713844
A3,rf,"{""n_estimators"": 300}",3,validacion,ap,0.416880573248554
A3,rf,"{""n_estimators"": 300}",3,validacion,recall_q,0.5997304582210242
A3,rf,"{""n_estimators"": 300}",3,validacion,precision_q,0.33763277693474963
A3,rf,"{""n_estimators"": 300}",3,validacion,f1_q,0.4320388349514563
A3,rf,"{""n_estimators"": 300}",4,train,auc,0.9998642186742946
A3,rf,"{""n_estimators"": 300}",4,train,ap,0.998903433514647
A3,rf,"{""n_estimators"": 300}",4,train,recall_q,1.0
A3,rf,"{""n_estimators"": 300}",4,train,precision_q,0.5633776091081594
A3,rf,"{""n_estimators"": 300}",4,train,f1_q,0.7207185338026458
A3,rf,"{""n_estimators"": 300}",4,validacion,auc,0.7811969480825465
A3,rf,"{""n_estimators"": 300}",4,validacion,ap,0.41172894722402453
A3,rf,"{""n_estimators"": 300}",4,validacion,recall_q,0.6219063954913011
A3,rf,"{""n_estimators"": 300}",4,validacion,precision_q,0.3501172575527659
A3,rf,"{""n_estimators"": 300}",4,validacion,f1_q,0.4480141218005296
A3,rf,"{""n_estimators"": 300}",5,train,auc,0.999901460601992
A3,rf,"{""n_estimators"": 300}",5,train,ap,0.9992628412894968
A3,rf,"{""n_estimators"": 300}",5,train,recall_q,1.0
A3,rf,"{""n_estimators"": 300}",5,train,precision_q,0.5631878557874763
A3,rf,"{""n_estimators"": 300}",5,train,f1_q,0.7205632435057053
A3,rf,"{""n_estimators"": 300}",5,validacion,auc,0.7717081123275464
A3,rf,"{""n_estimators"": 300}",5,validacion,ap,0.41472523360612246
A3,rf,"{""n_estimators"": 300}",5,validacion,recall_q,0.6118280421185971
A3,rf,"{""n_estimators"": 300}",5,validacion,precision_q,0.3449076140319557
A3,rf,"{""n_estimators"": 300}",5,validacion,f1_q,0.44113365870365606
A4,rf,"{""n_estimators"": 300}",1,train,auc,0.9999055587692158
A4,rf,"{""n_estimators"": 300}",1,train,ap,0.9992782070847451
A4,rf,"{""n_estimators"": 300}",1,train,recall_q,1.0
A4,rf,"{""n_estimators"": 300}",1,train,precision_q,0.5633776091081594
A4,rf,"{""n_estimators"": 300}",1,train,f1_q,0.7207185338026458
A4,rf,"{""n_estimators"": 300}",1,validacion,auc,0.7599509374945248
A4,rf,"{""n_estimators"": 300}",1,validacion,ap,0.40372919524419554
A4,rf,"{""n_estimators"": 300}",1,validacion,recall_q,0.5847131305352329
A4,rf,"{""n_estimators"": 300}",1,validacion,precision_q,0.32917840884456967
A4,rf,"{""n_estimators"": 300}",1,validacion,f1_q,0.42122052704576973
A4,rf,"{""n_estimators"": 300}",2,train,auc,0.9998852920397545
A4,rf,"{""n_estimators"": 300}",2,train,ap,0.9990877171132015
A4,rf,"{""n_estimators"": 300}",2,train,recall_q,1.0
A4,rf,"{""n_estimators"": 300}",2,train,precision_q,0.5633776091081594
A4,rf,"{""n_estimators"": 300}",2,train,f1_q,0.7207185338026458
A4,rf,"{""n_estimators"": 300}",2,validacion,auc,0.7774524797751451
A4,rf,"{""n_estimators"": 300}",2,validacion,ap,0.4090230639943586
A4,rf,"{""n_estimators"": 300}",2,validacion,recall_q,0.6084387310802405
A4,rf,"{""n_estimators"": 300}",2,validacion,precision_q,0.3425353099101202
A4,rf,"{""n_estimators"": 300}",2,validacion,f1_q,0.4383121732636296
A4,rf,"{""n_estimators"": 300}",3,train,auc,0.9998882160952489
A4,rf,"{""n_estimators"": 300}",3,train,ap,0.9990879947010796
A4,rf,"{""n_estimators"": 300}",3,train,recall_q,1.0
A4,rf,"{""n_estimators"": 300}",3,train,precision_q,0.5633776091081594
A4,rf,"{""n_estimators"": 300}",3,train,f1_q,0.7207185338026458
A4,rf,"{""n_estimators"": 300}",3,validacion,auc,0.7655288524048973
A4,rf,"{""n_estimators"": 300}",3,validacion,ap,0.4130695004663212
A4,rf,"{""n_estimators"": 300}",3,validacion,recall_q,0.5950977088948787
A4,rf,"{""n_estimators"": 300}",3,validacion,precision_q,0.33502465857359637
A4,rf,"{""n_estimators"": 300}",3,validacion,f1_q,0.4287014563106796
A4,rf,"{""n_estimators"": 300}",4,train,auc,0.9998633688256534
A4,rf,"{""n_estimators"": 300}",4,train,ap,0.9988890741156207
A4,rf,"{""n_estimators"": 300}",4,train,recall_q,1.0
A4,rf,"{""n_estimators"": 300}",4,train,precision_q,0.5633776091081594
A4,rf,"{""n_estimators"": 300}",4,train,f1_q,0.7207185338026458
A4,rf,"{""n_estimators"": 300}",4,validacion,auc,0.7787356388084832
A4,rf,"{""n_estimators"": 300}",4,validacion,ap,0.41108706093778974
A4,rf,"{""n_estimators"": 300}",4,validacion,recall_q,0.6167452830188679
A4,rf,"{""n_estimators"": 300}",4,validacion,precision_q,0.34721168437025796
A4,rf,"{""n_estimators"": 300}",4,validacion,f1_q,0.44429611650485434
A4,rf,"{""n_estimators"": 300}",5,train,auc,0.9999022962921637
A4,rf,"{""n_estimators"": 300}",5,train,ap,0.9992690315299102
A4,rf,"{""n_estimators"": 300}",5,train,recall_q,1.0
A4,rf,"{""n_estimators"": 300}",5,train,precision_q,0.5631878557874763
A4,rf,"{""n_estimators"": 300}",5,train,f1_q,0.7205632435057053
A4,rf,"{""n_estimators"": 300}",5,validacion,auc,0.7669095187820859
A4,rf,"{""n_estimators"": 300}",5,validacion,ap,0.4139754657133114
A4,rf,"{""n_estimators"": 300}",5,validacion,recall_q,0.6119072124139022
A4,rf,"{""n_estimators"": 300}",5,validacion,precision_q,0.3449522449343926
A4,rf,"{""n_estimators"": 300}",5,validacion,f1_q,0.4411907412164284
A6,rf,"{""n_estimators"": 300}",1,train,auc,0.9999072440622839
A6,rf,"{""n_estimators"": 300}",1,train,ap,0.9992881737167668
A6,rf,"{""n_estimators"": 300}",1,train,recall_q,1.0
A6,rf,"{""n_estimators"": 300}",1,train,precision_q,0.5633776091081594
A6,rf,"{""n_estimators"": 300}",1,train,f1_q,0.7207185338026458
A6,rf,"{""n_estimators"": 300}",1,validacion,auc,0.7594170179254964
A6,rf,"{""n_estimators"": 300}",1,validacion,ap,0.4048974947771147
A6,rf,"{""n_estimators"": 300}",1,validacion,recall_q,0.592654986522911
A6,rf,"{""n_estimators"": 300}",1,validacion,precision_q,0.333649468892261
A6,rf,"{""n_estimators"": 300}",1,validacion,f1_q,0.4269417475728155
A6,rf,"{""n_estimators"": 300}",2,train,auc,0.9998878559898924
A6,rf,"{""n_estimators"": 300}",2,train,ap,0.9991062251201841
A6,rf,"{""n_estimators"": 300}",2,train,recall_q,1.0
A6,rf,"{""n_estimators"": 300}",2,train,precision_q,0.5633776091081594
A6,rf,"{""n_estimators"": 300}",2,train,f1_q,0.7207185338026458
A6,rf,"{""n_estimators"": 300}",2,validacion,auc,0.7771849436525817
A6,rf,"{""n_estimators"": 300}",2,validacion,ap,0.4107255387714055
A6,rf,"{""n_estimators"": 300}",2,validacion,recall_q,0.6138814016172507
A6,rf,"{""n_estimators"": 300}",2,validacion,precision_q,0.34559939301972686
A6,rf,"{""n_estimators"": 300}",2,validacion,f1_q,0.44223300970873786
A6,rf,"{""n_estimators"": 300}",3,train,auc,0.9998909096833151
A6,rf,"{""n_estimators"": 300}",3,train,ap,0.9991158912100659
A6,rf,"{""n_estimators"": 300}",3,train,recall_q,1.0
A6,rf,"{""n_estimators"": 300}",3,train,precision_q,0.5633776091081594
A6,rf,"{""n_estimators"": 300}",3,train,f1_q,0.7207185338026458
A6,rf,"{""n_estimators"": 300}",3,validacion,auc,0.7639879549958366
A6,rf,"{""n_estimators"": 300}",3,validacion,ap,0.4107417944768623
A6,rf,"{""n_estimators"": 300}",3,validacion,recall_q,0.5970350404312669
A6,rf,"{""n_estimators"": 300}",3,validacion,precision_q,0.33611532625189683
A6,rf,"{""n_estimators"": 300}",3,validacion,f1_q,0.4300970873786408
A6,rf,"{""n_estimators"": 300}",4,train,auc,0.9998688568312857
A6,rf,"{""n_estimators"": 300}",4,train,ap,0.9989448144523975
A6,rf,"{""n_estimators"": 300}",4,train,recall_q,1.0
A6,rf,"{""n_estimators"": 300}",4,train,precision_q,0.5633776091081594
A6,rf,"{""n_estimators"": 300}",4,train,f1_q,0.7207185338026458
A6,rf,"{""n_estimators"": 300}",4,validacion,auc,0.7786286704665017
A6,rf,"{""n_estimators"": 300}",4,validacion,ap,0.405045217176619
A6,rf,"{""n_estimators"": 300}",4,validacion,recall_q,0.6124818577648766
A6,rf,"{""n_estimators"": 300}",4,validacion,precision_q,0.3448114859343994
A6,rf,"{""n_estimators"": 300}",4,validacion,f1_q,0.4412247946228528
A6,rf,"{""n_estimators"": 300}",5,train,auc,0.9999035786443238
A6,rf,"{""n_estimators"": 300}",5,train,ap,0.9992778521857864
A6,rf,"{""n_estimators"": 300}",5,train,recall_q,1.0
A6,rf,"{""n_estimators"": 300}",5,train,precision_q,0.5631878557874763
A6,rf,"{""n_estimators"": 300}",5,train,f1_q,0.7205632435057053
A6,rf,"{""n_estimators"": 300}",5,validacion,auc,0.7718156457705623
A6,rf,"{""n_estimators"": 300}",5,validacion,ap,0.41176016281697075
A6,rf,"{""n_estimators"": 300}",5,validacion,recall_q,0.620457604306864
A6,rf,"{""n_estimators"": 300}",5,validacion,precision_q,0.3497723823975721
A6,rf,"{""n_estimators"": 300}",5,validacion,f1_q,0.44735565259582727
A7,rf,"{""n_estimators"": 300}",1,train,auc,0.999817671455919
A7,rf,"{""n_estimators"": 300}",1,train,ap,0.9986397457022465
A7,rf,"{""n_estimators"": 300}",1,train,recall_q,1.0
A7,rf,"{""n_estimators"": 300}",1,train,precision_q,0.5633776091081594
A7,rf,"{""n_estimators"": 300}",1,train,f1_q,0.7207185338026458
A7,rf,"{""n_estimators"": 300}",1,validacion,auc,0.7332581865361899
A7,rf,"{""n_estimators"": 300}",1,validacion,ap,0.36183404496249216
A7,rf,"{""n_estimators"": 300}",1,validacion,recall_q,0.5198009537632179
A7,rf,"{""n_estimators"": 300}",1,validacion,precision_q,0.29263452783938365
A7,rf,"{""n_estimators"": 300}",1,validacion,f1_q,0.37445855115758025
A7,rf,"{""n_estimators"": 300}",2,train,auc,0.9997755175228923
A7,rf,"{""n_estimators"": 300}",2,train,ap,0.99825479700883
A7,rf,"{""n_estimators"": 300}",2,train,recall_q,1.0
A7,rf,"{""n_estimators"": 300}",2,train,precision_q,0.5633776091081594
A7,rf,"{""n_estimators"": 300}",2,train,f1_q,0.7207185338026458
A7,rf,"{""n_estimators"": 300}",2,validacion,auc,0.7540347121491138
A7,rf,"{""n_estimators"": 300}",2,validacion,ap,0.37168264320529937
A7,rf,"{""n_estimators"": 300}",2,validacion,recall_q,0.565947888589398
A7,rf,"{""n_estimators"": 300}",2,validacion,precision_q,0.3186140617096611
A7,rf,"{""n_estimators"": 300}",2,validacion,f1_q,0.4077022653721683
A7,rf,"{""n_estimators"": 300}",3,train,auc,0.9997803069241332
A7,rf,"{""n_estimators"": 300}",3,train,ap,0.9982847386714788
A7,rf,"{""n_estimators"": 300}",3,train,recall_q,1.0
A7,rf,"{""n_estimators"": 300}",3,train,precision_q,0.5633776091081594
A7,rf,"{""n_estimators"": 300}",3,train,f1_q,0.7207185338026458
A7,rf,"{""n_estimators"": 300}",3,validacion,auc,0.7354570314625247
A7,rf,"{""n_estimators"": 300}",3,validacion,ap,0.3687657501573719
A7,rf,"{""n_estimators"": 300}",3,validacion,recall_q,0.5354254909510974
A7,rf,"{""n_estimators"": 300}",3,validacion,precision_q,0.3014307392152612
A7,rf,"{""n_estimators"": 300}",3,validacion,f1_q,0.3857142857142857
A7,rf,"{""n_estimators"": 300}",4,train,auc,0.9997685962979413
A7,rf,"{""n_estimators"": 300}",4,train,ap,0.9982055431325139
A7,rf,"{""n_estimators"": 300}",4,train,recall_q,1.0
A7,rf,"{""n_estimators"": 300}",4,train,precision_q,0.5633776091081594
A7,rf,"{""n_estimators"": 300}",4,train,f1_q,0.7207185338026458
A7,rf,"{""n_estimators"": 300}",4,validacion,auc,0.7516227374120854
A7,rf,"{""n_estimators"": 300}",4,validacion,ap,0.3596920784382934
A7,rf,"{""n_estimators"": 300}",4,validacion,recall_q,0.553670524813699
A7,rf,"{""n_estimators"": 300}",4,validacion,precision_q,0.31170222261894137
A7,rf,"{""n_estimators"": 300}",4,validacion,f1_q,0.3988577955454026
A7,rf,"{""n_estimators"": 300}",5,train,auc,0.9997750048297129
A7,rf,"{""n_estimators"": 300}",5,train,ap,0.9983331235906537
A7,rf,"{""n_estimators"": 300}",5,train,recall_q,1.0
A7,rf,"{""n_estimators"": 300}",5,train,precision_q,0.5631878557874763
A7,rf,"{""n_estimators"": 300}",5,train,f1_q,0.7205632435057053
A7,rf,"{""n_estimators"": 300}",5,validacion,auc,0.7365609100967455
A7,rf,"{""n_estimators"": 300}",5,validacion,ap,0.3624980818304935
A7,rf,"{""n_estimators"": 300}",5,validacion,recall_q,0.5491251682368775
A7,rf,"{""n_estimators"": 300}",5,validacion,precision_q,0.3095599393019727
A7,rf,"{""n_estimators"": 300}",5,validacion,f1_q,0.395924308588064
A8,rf,"{""n_estimators"": 300}",1,train,auc,0.9989703435521775
A8,rf,"{""n_estimators"": 300}",1,train,ap,0.9921366990208033
A8,rf,"{""n_estimators"": 300}",1,train,recall_q,1.0
A8,rf,"{""n_estimators"": 300}",1,train,precision_q,0.5633776091081594
A8,rf,"{""n_estimators"": 300}",1,train,f1_q,0.7207185338026458
A8,rf,"{""n_estimators"": 300}",1,validacion,auc,0.6701656533875306
A8,rf,"{""n_estimators"": 300}",1,validacion,ap,0.2893569780437074
A8,rf,"{""n_estimators"": 300}",1,validacion,recall_q,0.4293641985095925
A8,rf,"{""n_estimators"": 300}",1,validacion,precision_q,0.24172096759796483
A8,rf,"{""n_estimators"": 300}",1,validacion,f1_q,0.30930896630496857
A8,rf,"{""n_estimators"": 300}",2,train,auc,0.9987393575723322
A8,rf,"{""n_estimators"": 300}",2,train,ap,0.9906870348876179
A8,rf,"{""n_estimators"": 300}",2,train,recall_q,1.0
A8,rf,"{""n_estimators"": 300}",2,train,precision_q,0.5633776091081594
A8,rf,"{""n_estimators"": 300}",2,train,f1_q,0.7207185338026458
A8,rf,"{""n_estimators"": 300}",2,validacion,auc,0.6836196888143389
A8,rf,"{""n_estimators"": 300}",2,validacion,ap,0.29486414541776895
A8,rf,"{""n_estimators"": 300}",2,validacion,recall_q,0.4528301886792453
A8,rf,"{""n_estimators"": 300}",2,validacion,precision_q,0.2549317147192716
A8,rf,"{""n_estimators"": 300}",2,validacion,f1_q,0.32621359223300966
A8,rf,"{""n_estimators"": 300}",3,train,auc,0.9989092336731868
A8,rf,"{""n_estimators"": 300}",3,train,ap,0.9916480781577198
A8,rf,"{""n_estimators"": 300}",3,train,recall_q,1.0
A8,rf,"{""n_estimators"": 300}",3,train,precision_q,0.5633776091081594
A8,rf,"{""n_estimators"": 300}",3,train,f1_q,0.7207185338026458
A8,rf,"{""n_estimators"": 300}",3,validacion,auc,0.6771061467144581
A8,rf,"{""n_estimators"": 300}",3,validacion,ap,0.3073765668025753
A8,rf,"{""n_estimators"": 300}",3,validacion,recall_q,0.4555256064690027
A8,rf,"{""n_estimators"": 300}",3,validacion,precision_q,0.2564491654021244
A8,rf,"{""n_estimators"": 300}",3,validacion,f1_q,0.32815533980582523
A8,rf,"{""n_estimators"": 300}",4,train,auc,0.9988630177517392
A8,rf,"{""n_estimators"": 300}",4,train,ap,0.9917024531994861
A8,rf,"{""n_estimators"": 300}",4,train,recall_q,1.0
A8,rf,"{""n_estimators"": 300}",4,train,precision_q,0.5633776091081594
A8,rf,"{""n_estimators"": 300}",4,train,f1_q,0.7207185338026458
A8,rf,"{""n_estimators"": 300}",4,validacion,auc,0.6841873817930662
A8,rf,"{""n_estimators"": 300}",4,validacion,ap,0.3059612801639199
A8,rf,"{""n_estimators"": 300}",4,validacion,recall_q,0.4528301886792453
A8,rf,"{""n_estimators"": 300}",4,validacion,precision_q,0.2549317147192716
A8,rf,"{""n_estimators"": 300}",4,validacion,f1_q,0.32621359223300966
A8,rf,"{""n_estimators"": 300}",5,train,auc,0.9990086193084312
A8,rf,"{""n_estimators"": 300}",5,train,ap,0.9926214124719085
A8,rf,"{""n_estimators"": 300}",5,train,recall_q,1.0
A8,rf,"{""n_estimators"": 300}",5,train,precision_q,0.5631878557874763
A8,rf,"{""n_estimators"": 300}",5,train,f1_q,0.7205632435057053
A8,rf,"{""n_estimators"": 300}",5,validacion,auc,0.6664539408013429
A8,rf,"{""n_estimators"": 300}",5,validacion,ap,0.28182672745929627
A8,rf,"{""n_estimators"": 300}",5,validacion,recall_q,0.41318977119784656
A8,rf,"{""n_estimators"": 300}",5,validacion,precision_q,0.2329286798179059
A8,rf,"{""n_estimators"": 300}",5,validacion,f1_q,0.2979136341581756
A9,rf,"{""n_estimators"": 300}",1,train,auc,0.9998626126044048
A9,rf,"{""n_estimators"": 300}",1,train,ap,0.998962890835656
A9,rf,"{""n_estimators"": 300}",1,train,recall_q,1.0
A9,rf,"{""n_estimators"": 300}",1,train,precision_q,0.5633776091081594
A9,rf,"{""n_estimators"": 300}",1,train,f1_q,0.7207185338026458
A9,rf,"{""n_estimators"": 300}",1,validacion,auc,0.7568795167612935
A9,rf,"{""n_estimators"": 300}",1,validacion,ap,0.40088775168546764
A9,rf,"{""n_estimators"": 300}",1,validacion,recall_q,0.5843280708509819
A9,rf,"{""n_estimators"": 300}",1,validacion,precision_q,0.3289616301755907
A9,rf,"{""n_estimators"": 300}",1,validacion,f1_q,0.4209431345353676
A9,rf,"{""n_estimators"": 300}",2,train,auc,0.9998658103399701
A9,rf,"{""n_estimators"": 300}",2,train,ap,0.9989326757479812
A9,rf,"{""n_estimators"": 300}",2,train,recall_q,1.0
A9,rf,"{""n_estimators"": 300}",2,train,precision_q,0.5633776091081594
A9,rf,"{""n_estimators"": 300}",2,train,f1_q,0.7207185338026458
A9,rf,"{""n_estimators"": 300}",2,validacion,auc,0.7676241870175475
A9,rf,"{""n_estimators"": 300}",2,validacion,ap,0.3969383634414052
A9,rf,"{""n_estimators"": 300}",2,validacion,recall_q,0.6047843665768194
A9,rf,"{""n_estimators"": 300}",2,validacion,precision_q,0.3404779969650986
A9,rf,"{""n_estimators"": 300}",2,validacion,f1_q,0.4356796116504854
A9,rf,"{""n_estimators"": 300}",3,train,auc,0.999840703794518
A9,rf,"{""n_estimators"": 300}",3,train,ap,0.9987650810435371
A9,rf,"{""n_estimators"": 300}",3,train,recall_q,1.0
A9,rf,"{""n_estimators"": 300}",3,train,precision_q,0.5633776091081594
A9,rf,"{""n_estimators"": 300}",3,train,f1_q,0.7207185338026458
A9,rf,"{""n_estimators"": 300}",3,validacion,auc,0.7662700231365146
A9,rf,"{""n_estimators"": 300}",3,validacion,ap,0.4056477952858197
A9,rf,"{""n_estimators"": 300}",3,validacion,recall_q,0.5966138814016172
A9,rf,"{""n_estimators"": 300}",3,validacion,precision_q,0.33587822458270106
A9,rf,"{""n_estimators"": 300}",3,validacion,f1_q,0.4297936893203883
A9,rf,"{""n_estimators"": 300}",4,train,auc,0.9998255865716541
A9,rf,"{""n_estimators"": 300}",4,train,ap,0.9986085852883124
A9,rf,"{""n_estimators"": 300}",4,train,recall_q,1.0
A9,rf,"{""n_estimators"": 300}",4,train,precision_q,0.5633776091081594
A9,rf,"{""n_estimators"": 300}",4,train,f1_q,0.7207185338026458
A9,rf,"{""n_estimators"": 300}",4,validacion,auc,0.779025767382586
A9,rf,"{""n_estimators"": 300}",4,validacion,ap,0.41595084121889425
A9,rf,"{""n_estimators"": 300}",4,validacion,recall_q,0.6185983827493261
A9,rf,"{""n_estimators"": 300}",4,validacion,precision_q,0.3482549317147193
A9,rf,"{""n_estimators"": 300}",4,validacion,f1_q,0.445631067961165
A9,rf,"{""n_estimators"": 300}",5,train,auc,0.9998597913610154
A9,rf,"{""n_estimators"": 300}",5,train,ap,0.9989814265701609
A9,rf,"{""n_estimators"": 300}",5,train,recall_q,1.0
A9,rf,"{""n_estimators"": 300}",5,train,precision_q,0.5631878557874763
A9,rf,"{""n_estimators"": 300}",5,train,f1_q,0.7205632435057053
A9,rf,"{""n_estimators"": 300}",5,validacion,auc,0.7619584902488812
A9,rf,"{""n_estimators"": 300}",5,validacion,ap,0.4013281612854961
A9,rf,"{""n_estimators"": 300}",5,validacion,recall_q,0.5935397039030955
A9,rf,"{""n_estimators"": 300}",5,validacion,precision_q,0.334597875569044
A9,rf,"{""n_estimators"": 300}",5,validacion,f1_q,0.4279475982532751
A11,rf,"{""n_estimators"": 300}",1,train,auc,0.9998737398599193
A11,rf,"{""n_estimators"": 300}",1,train,ap,0.9990218900772461
A11,rf,"{""n_estimators"": 300}",1,train,recall_q,1.0
A11,rf,"{""n_estimators"": 300}",1,train,precision_q,0.5633776091081594
A11,rf,"{""n_estimators"": 300}",1,train,f1_q,0.7207185338026458
A11,rf,"{""n_estimators"": 300}",1,validacion,auc,0.7655225126863532
A11,rf,"{""n_estimators"": 300}",1,validacion,ap,0.40245896198555886
A11,rf,"{""n_estimators"": 300}",1,validacion,recall_q,0.5923698942566867
A11,rf,"{""n_estimators"": 300}",1,validacion,precision_q,0.3334889693008054
A11,rf,"{""n_estimators"": 300}",1,validacion,f1_q,0.4267363704256908
A11,rf,"{""n_estimators"": 300}",2,train,auc,0.9998741287737043
A11,rf,"{""n_estimators"": 300}",2,train,ap,0.9990088084453946
A11,rf,"{""n_estimators"": 300}",2,train,recall_q,1.0
A11,rf,"{""n_estimators"": 300}",2,train,precision_q,0.5633776091081594
A11,rf,"{""n_estimators"": 300}",2,train,f1_q,0.7207185338026458
A11,rf,"{""n_estimators"": 300}",2,validacion,auc,0.7750008529803133
A11,rf,"{""n_estimators"": 300}",2,validacion,ap,0.4084337983975053
A11,rf,"{""n_estimators"": 300}",2,validacion,recall_q,0.6037735849056604
A11,rf,"{""n_estimators"": 300}",2,validacion,precision_q,0.33990895295902884
A11,rf,"{""n_estimators"": 300}",2,validacion,f1_q,0.43495145631067966
A11,rf,"{""n_estimators"": 300}",3,train,auc,0.9998655654683276
A11,rf,"{""n_estimators"": 300}",3,train,ap,0.9989165270159222
A11,rf,"{""n_estimators"": 300}",3,train,recall_q,1.0
A11,rf,"{""n_estimators"": 300}",3,train,precision_q,0.5633776091081594
A11,rf,"{""n_estimators"": 300}",3,train,f1_q,0.7207185338026458
A11,rf,"{""n_estimators"": 300}",3,validacion,auc,0.7658369627261435
A11,rf,"{""n_estimators"": 300}",3,validacion,ap,0.4033907570170613
A11,rf,"{""n_estimators"": 300}",3,validacion,recall_q,0.5963611859838275
A11,rf,"{""n_estimators"": 300}",3,validacion,precision_q,0.3357359635811836
A11,rf,"{""n_estimators"": 300}",3,validacion,f1_q,0.4296116504854369
A11,rf,"{""n_estimators"": 300}",4,train,auc,0.9998407686134823
A11,rf,"{""n_estimators"": 300}",4,train,ap,0.9987223841660644
A11,rf,"{""n_estimators"": 300}",4,train,recall_q,1.0
A11,rf,"{""n_estimators"": 300}",4,train,precision_q,0.5633776091081594
A11,rf,"{""n_estimators"": 300}",4,train,f1_q,0.7207185338026458
A11,rf,"{""n_estimators"": 300}",4,validacion,auc,0.7804391788151043
A11,rf,"{""n_estimators"": 300}",4,validacion,ap,0.41288085489077164
A11,rf,"{""n_estimators"": 300}",4,validacion,recall_q,0.6094094584660622
A11,rf,"{""n_estimators"": 300}",4,validacion,precision_q,0.34308180438681196
A11,rf,"{""n_estimators"": 300}",4,validacion,f1_q,0.4390114739629303
A11,rf,"{""n_estimators"": 300}",5,train,auc,0.9998679969739948
A11,rf,"{""n_estimators"": 300}",5,train,ap,0.9990004139679883
A11,rf,"{""n_estimators"": 300}",5,train,recall_q,1.0
A11,rf,"{""n_estimators"": 300}",5,train,precision_q,0.5631878557874763
A11,rf,"{""n_estimators"": 300}",5,train,f1_q,0.7205632435057053
A11,rf,"{""n_estimators"": 300}",5,validacion,auc,0.7675232883588716
A11,rf,"{""n_estimators"": 300}",5,validacion,ap,0.40493459784541763
A11,rf,"{""n_estimators"": 300}",5,validacion,recall_q,0.6081650964558097
A11,rf,"{""n_estimators"": 300}",5,validacion,precision_q,0.3428426909458776
A11,rf,"{""n_estimators"": 300}",5,validacion,f1_q,0.43849264111272845
