modelo,variante,auc_referencia,auc_variante,delta_media,delta_desvio,delta_error_estandar,delta_min,delta_max,n_folds,delta_recall_media,delta_recall_desvio,columnas,efecto
nb_gaussiano,A1,0.7681373534423054,0.8308353939094573,0.06269804046715188,0.005454073075883474,0.0024391356303853635,0.054873141622926114,0.06993193678170984,5,0.05120132920737301,0.009589550350542752,63,mejora
nb_gaussiano,A2,0.7681373534423054,0.7669046992762594,-0.001232654166046032,0.00034333365519387927,0.00015354347839539756,-0.0016573176950535062,-0.0008588859581356578,5,0.0,0.0,61,empeora
nb_gaussiano,A3,0.7681373534423054,0.7678814899025581,-0.0002558635397473141,0.00166770609448911,0.0007458208387536674,-0.0018445122935211167,0.002542111868598651,5,-0.004580033592959287,0.0036386929851997,60,neutra
nb_gaussiano,A4,0.7681373534423054,0.7689234530763914,0.0007860996340860015,0.0006252302675453216,0.0002796114759643439,-8.773071046908054e-05,0.0015365172398849047,5,0.0005387207830134244,0.002627028833832198,60,mejora
nb_gaussiano,A6,0.7681373534423054,0.7640607591271763,-0.0040765943151290784,0.001590016307183593,0.0007110769096391402,-0.006480806098670966,-0.002010728186987998,5,-0.014551265540371427,0.004197104652330382,59,empeora
nb_gaussiano,A7,0.7681373534423054,0.7456272518150561,-0.022510101627249403,0.0036848982477554844,0.001647936594430225,-0.028103972306265046,-0.017758704318293628,5,-0.045001505515992954,0.004823456995189632,57,empeora
nb_gaussiano,A8,0.7681373534423054,0.7177106888027851,-0.05042666463952028,0.004603057924356614,0.0020585500846460945,-0.057361493126034,-0.0456977286748006,5,-0.11775130326896499,0.015096582870362456,47,empeora
nb_gaussiano,A9,0.7681373534423054,0.7681081527565938,-2.9200685711616715e-05,0.00015460431672804443,6.914115236376304e-05,-0.0002386039524802097,0.0001980297537976794,5,-0.001346983345002628,0.0016498596773852077,57,neutra
nb_gaussiano,A10,0.7681373534423054,0.7682266592252607,8.930578295522907e-05,0.0022365205731992906,0.0010002024069500817,-0.0017995579256625538,0.0034016624355768244,5,-0.006736730599703278,0.0039292149605304055,70,neutra
nb_gaussiano,A11,0.7681373534423054,0.7681795523923733,4.2198950067851015e-05,0.003893269678300185,0.0017411231310835902,-0.003599000583715206,0.006036449462530236,5,-0.011854759425799832,0.00460022628204181,56,neutra
svm,A1,0.7010005804845063,0.9065636261656055,0.20556304568109907,0.015537254327679809,0.006948471372078969,0.1850090093163892,0.2212287435000596,5,0.28752816040456664,0.019989384934404525,63,mejora
svm,A2,0.7010005804845063,0.7033005527532611,0.002299972268754713,0.00370019697271277,0.0016547783922249376,-0.0023261003676575687,0.007007118005446178,5,0.005389384479762583,0.005796716047656063,61,neutra
svm,A3,0.7010005804845063,0.7013652777172712,0.00036469723276493226,0.0011972418684278127,0.0005354228406626897,-0.0011891006636647328,0.0019019155632483686,5,0.00323377579783275,0.0012058340990380877,60,neutra
svm,A4,0.7010005804845063,0.7011773319294112,0.00017675144490498785,0.0006572930599379889,0.00029395039263203736,-0.0007801311837614122,0.001077406809146475,5,0.0008086253369272046,0.003882711668702932,60,neutra
svm,A5,0.7010005804845063,0.7004277792801041,-0.0005728012044021958,0.0020222063593645,0.000904358176814278,-0.00233463017078972,0.00220391670117015,5,0.0021559714568678335,0.005996987200601748,62,neutra
svm,A6,0.7010005804845063,0.7040047080789009,0.0030041275943945454,0.008298074405507295,0.0037110116906130934,-0.010161300882580937,0.010824089639470569,5,0.00808443949458193,0.01013055607455883,59,neutra
svm,A7,0.7010005804845063,0.6972711946506301,-0.0037293858338761643,0.011481129991098762,0.0051345174237216774,-0.01256347787276868,0.015602508407619564,5,-0.0396077677369737,0.01350943256185892,57,neutra
svm,A8,0.7010005804845063,0.6531306283103282,-0.04786995217417818,0.005965067207406111,0.00266765915322298,-0.052495635968289434,-0.03787878089287211,5,-0.14389359085516942,0.01128139429969023,47,empeora
svm,A9,0.7010005804845063,0.6935710060735978,-0.007429574410908568,0.002096103189809345,0.000937405844053568,-0.010220548434066501,-0.004320345286430771,5,-0.001345169470312335,0.005633319031495681,57,empeora
svm,A11,0.7010005804845063,0.7007983072465986,-0.0002022732379076908,0.00488394546472768,0.0021841668115065785,-0.005112233766401464,0.007159608873005707,5,-3.6277493808967165e-07,0.003013366007835276,56,neutra
knn,A1,0.7553609013482765,0.9110284154131062,0.15566751406482976,0.013138931522255624,0.005875908807095672,0.14309512104420263,0.17077369002972065,5,0.21435070977253146,0.020482012008757617,63,mejora
knn,A2,0.7553609013482765,0.7534258962510239,-0.001935005097252729,0.0007211829213156907,0.0003225228072547533,-0.0028401939077838945,-0.0009469620651026966,5,-0.0008835738331240073,0.00293856066036427,61,empeora
knn,A3,0.7553609013482765,0.7554051560071018,4.4254658825226836e-05,0.0028083149876702664,0.0012559166429324399,-0.003100969758234151,0.004285534468242869,5,-0.0009296335308932813,0.0021954616221593784,60,neutra
knn,A4,0.7553609013482765,0.7554183375598982,5.7436211621664234e-05,0.0006480383974075773,0.00028981158172667324,-0.0006959858285389142,0.0007611120281288963,5,0.00032206223980189017,0.000959663409123594,60,neutra
knn,A5,0.7553609013482765,0.7561814162994991,0.0008205149512225951,0.002617636587380428,0.001170642669954641,-0.0016735704280486097,0.004391465401735295,5,0.001391958140596916,0.003366366300831268,62,neutra
knn,A6,0.7553609013482765,0.7471058945322523,-0.008255006816024224,0.0030048189355046835,0.0013437958799734056,-0.011770206181479281,-0.004026873951641141,5,-0.02663533198019563,0.006960917451606896,59,empeora
knn,A7,0.7553609013482765,0.7078208430971736,-0.04754005825110286,0.008004692007344123,0.0035798070934741407,-0.057581856091700634,-0.037717175703800954,5,-0.10955267063990495,0.01859168809704741,57,empeora
knn,A8,0.7553609013482765,0.6788674648149027,-0.07649343653337384,0.007345013949190814,0.003284790097214969,-0.08541491267786927,-0.06825951902976035,5,-0.1584925362315189,0.020238828801788324,47,empeora
knn,A9,0.7553609013482765,0.7539159320648068,-0.0014449692834696882,0.0061195309195784114,0.002736737425317825,-0.005270265659565787,0.009399381981182842,5,-0.0071429586923672074,0.007605950767406379,57,neutra
knn,A11,0.7553609013482765,0.7554521875921756,9.128624389913576e-05,0.0022114516488665505,0.0009889912431639205,-0.0026372076467611194,0.002926068277154914,5,-0.004381427257596782,0.005209382683395334,56,neutra
knn,A12,0.7553609013482765,0.7637501473368759,0.008389245988599359,0.006748394871153277,0.003017973934181932,-0.0009805806575660103,0.014481646169011708,5,0.010304691469372785,0.012178577258881093,62,mejora
rf,A1,0.7697557279979211,0.9394772145223381,0.169721486524417,0.007245032281940874,0.003240076936320043,0.1633589857556894,0.1812225835989867,5,0.25071817494465876,0.015433494388897094,63,mejora
rf,A2,0.7697557279979211,0.7700871169479443,0.00033138895002320367,0.002233857718594042,0.0009990115421677748,-0.0033387263205748585,0.002468801668706111,5,-0.001793190172613035,0.006156415764787069,61,neutra
rf,A3,0.7697557279979211,0.7726160571239898,0.0028603291260687726,0.002125147850249165,0.0009503950110789351,6.166817129327207e-05,0.005519243696936571,5,0.0008652235945224351,0.008097025831278198,60,mejora
rf,A4,0.7697557279979211,0.7697154854530273,-4.02425448938093e-05,0.0014392826579937793,0.0006436667724221343,-0.002200228137653415,0.0012265626368801463,5,-0.0030811739602654375,0.0071129277409131275,60,neutra
rf,A6,0.7697557279979211,0.7702068465621957,0.0004511185642746884,0.0027882127119448017,0.0012469266319275233,-0.0037411255467141302,0.004084428719949074,5,0.0008405909797439826,0.005345471148690578,59,neutra
rf,A7,0.7697557279979211,0.7421867155313319,-0.027569012466589205,0.004135647121200385,0.0018495176187910743,-0.03227204908002601,-0.02219120498915117,5,-0.061667581878031896,0.010032890382349929,57,empeora
rf,A8,0.7697557279979211,0.6763065623021474,-0.09344916569577373,0.004752269791308334,0.0021252796601568345,-0.1012772762492703,-0.08894993973809362,5,-0.1657135964419034,0.02110995925418482,47,empeora
rf,A9,0.7697557279979211,0.7663515969093646,-0.003404131088556506,0.0037948236005346443,0.0016970967066831943,-0.00860173012071741,0.0010489352500338,5,-0.006888706052521831,0.011795907836429215,57,neutra
rf,A11,0.7697557279979211,0.7708645591133572,0.0011088311154361153,0.0033944205541241576,0.001518031020648824,-0.0018921178164071906,0.006406919560728919,5,-0.0044457431352805665,0.006062468961215864,56,neutra
