etiqueta,modelo,configuracion,fold,conjunto,metrica,valor
final,rf,"{""max_depth"": 8, ""n_estimators"": 200, ""pesos_clase"": null}",1,train,auc,0.8267056638681248
final,rf,"{""max_depth"": 8, ""n_estimators"": 200, ""pesos_clase"": null}",1,train,ap,0.5504882334061414
final,rf,"{""max_depth"": 8, ""n_estimators"": 200, ""pesos_clase"": null}",1,train,recall_q,0.6433142472212866
final,rf,"{""max_depth"": 8, ""n_estimators"": 200, ""pesos_clase"": null}",1,train,precision_q,0.36242884250474383
final,rf,"{""max_depth"": 8, ""n_estimators"": 200, ""pesos_clase"": null}",1,train,f1_q,0.4636485010316786
final,rf,"{""max_depth"": 8, ""n_estimators"": 200, ""pesos_clase"": null}",1,validacion,auc,0.7875084260622832
final,rf,"{""max_depth"": 8, ""n_estimators"": 200, ""pesos_clase"": null}",1,validacion,ap,0.45574221884028815
final,rf,"{""max_depth"": 8, ""n_estimators"": 200, ""pesos_clase"": null}",1,validacion,recall_q,0.6064690026954178
final,rf,"{""max_depth"": 8, ""n_estimators"": 200, ""pesos_clase"": null}",1,validacion,precision_q,0.34142640364188165
final,rf,"{""max_depth"": 8, ""n_estimators"": 200, ""pesos_clase"": null}",1,validacion,f1_q,0.4368932038834951
final,rf,"{""max_depth"": 8, ""n_estimators"": 200, ""pesos_clase"": null}",2,train,auc,0.8247804253987953
final,rf,"{""max_depth"": 8, ""n_estimators"": 200, ""pesos_clase"": null}",2,train,ap,0.5451970970674573
final,rf,"{""max_depth"": 8, ""n_estimators"": 200, ""pesos_clase"": null}",2,train,recall_q,0.6399461098012799
final,rf,"{""max_depth"": 8, ""n_estimators"": 200, ""pesos_clase"": null}",2,train,precision_q,0.3605313092979127
final,rf,"{""max_depth"": 8, ""n_estimators"": 200, ""pesos_clase"": null}",2,train,f1_q,0.46122102196868553
final,rf,"{""max_depth"": 8, ""n_estimators"": 200, ""pesos_clase"": null}",2,validacion,auc,0.8023544331461695
final,rf,"{""max_depth"": 8, ""n_estimators"": 200, ""pesos_clase"": null}",2,validacion,ap,0.465777116860365
final,rf,"{""max_depth"": 8, ""n_estimators"": 200, ""pesos_clase"": null}",2,validacion,recall_q,0.6536388140161725
final,rf,"{""max_depth"": 8, ""n_estimators"": 200, ""pesos_clase"": null}",2,validacion,precision_q,0.36798179059180575
final,rf,"{""max_depth"": 8, ""n_estimators"": 200, ""pesos_clase"": null}",2,validacion,f1_q,0.47087378640776695
final,rf,"{""max_depth"": 8, ""n_estimators"": 200, ""pesos_clase"": null}",3,train,auc,0.8249738379857481
final,rf,"{""max_depth"": 8, ""n_estimators"": 200, ""pesos_clase"": null}",3,train,ap,0.5480366683162948
final,rf,"{""max_depth"": 8, ""n_estimators"": 200, ""pesos_clase"": null}",3,train,recall_q,0.6429774334792859
final,rf,"{""max_depth"": 8, ""n_estimators"": 200, ""pesos_clase"": null}",3,train,precision_q,0.3622390891840607
final,rf,"{""max_depth"": 8, ""n_estimators"": 200, ""pesos_clase"": null}",3,train,f1_q,0.4634057531253793
final,rf,"{""max_depth"": 8, ""n_estimators"": 200, ""pesos_clase"": null}",3,validacion,auc,0.7983048514753793
final,rf,"{""max_depth"": 8, ""n_estimators"": 200, ""pesos_clase"": null}",3,validacion,ap,0.47167024719861006
final,rf,"{""max_depth"": 8, ""n_estimators"": 200, ""pesos_clase"": null}",3,validacion,recall_q,0.6185983827493261
final,rf,"{""max_depth"": 8, ""n_estimators"": 200, ""pesos_clase"": null}",3,validacion,precision_q,0.3482549317147193
final,rf,"{""max_depth"": 8, ""n_estimators"": 200, ""pesos_clase"": null}",3,validacion,f1_q,0.445631067961165
final,rf,"{""max_depth"": 8, ""n_estimators"": 200, ""pesos_clase"": null}",4,train,auc,0.8236691402687715
final,rf,"{""max_depth"": 8, ""n_estimators"": 200, ""pesos_clase"": null}",4,train,ap,0.5450328842447432
final,rf,"{""max_depth"": 8, ""n_estimators"": 200, ""pesos_clase"": null}",4,train,recall_q,0.6406197372852812
final,rf,"{""max_depth"": 8, ""n_estimators"": 200, ""pesos_clase"": null}",4,train,precision_q,0.36091081593927893
final,rf,"{""max_depth"": 8, ""n_estimators"": 200, ""pesos_clase"": null}",4,train,f1_q,0.4617065177812841
final,rf,"{""max_depth"": 8, ""n_estimators"": 200, ""pesos_clase"": null}",4,validacion,auc,0.7931270304389483
final,rf,"{""max_depth"": 8, ""n_estimators"": 200, ""pesos_clase"": null}",4,validacion,ap,0.4597314489184954
final,rf,"{""max_depth"": 8, ""n_estimators"": 200, ""pesos_clase"": null}",4,validacion,recall_q,0.6293800539083558
final,rf,"{""max_depth"": 8, ""n_estimators"": 200, ""pesos_clase"": null}",4,validacion,precision_q,0.3543247344461305
final,rf,"{""max_depth"": 8, ""n_estimators"": 200, ""pesos_clase"": null}",4,validacion,f1_q,0.45339805825242724
final,rf,"{""max_depth"": 8, ""n_estimators"": 200, ""pesos_clase"": null}",5,train,auc,0.8247326814450501
final,rf,"{""max_depth"": 8, ""n_estimators"": 200, ""pesos_clase"": null}",5,train,ap,0.549495104409273
final,rf,"{""max_depth"": 8, ""n_estimators"": 200, ""pesos_clase"": null}",5,train,recall_q,0.6455525606469003
final,rf,"{""max_depth"": 8, ""n_estimators"": 200, ""pesos_clase"": null}",5,train,precision_q,0.3635673624288425
final,rf,"{""max_depth"": 8, ""n_estimators"": 200, ""pesos_clase"": null}",5,train,f1_q,0.46516144695314393
final,rf,"{""max_depth"": 8, ""n_estimators"": 200, ""pesos_clase"": null}",5,validacion,auc,0.7946764037777166
final,rf,"{""max_depth"": 8, ""n_estimators"": 200, ""pesos_clase"": null}",5,validacion,ap,0.45795094066113573
final,rf,"{""max_depth"": 8, ""n_estimators"": 200, ""pesos_clase"": null}",5,validacion,recall_q,0.639300134589502
final,rf,"{""max_depth"": 8, ""n_estimators"": 200, ""pesos_clase"": null}",5,validacion,precision_q,0.3603945371775417
final,rf,"{""max_depth"": 8, ""n_estimators"": 200, ""pesos_clase"": null}",5,validacion,f1_q,0.4609412906356138
