modelo,p,pct_yes_alcanzado
nb_categorico,1,6.601994071678793
nb_categorico,2,12.988412826731338
nb_categorico,3,17.919698194556723
nb_categorico,4,21.90784155214228
nb_categorico,5,25.060630557801133
nb_categorico,6,28.53678253839935
nb_categorico,7,31.635677714901643
nb_categorico,8,35.08488278092158
nb_categorico,9,38.10293721368903
nb_categorico,10,41.20183239019132
nb_categorico,11,44.40851522500674
nb_categorico,12,47.66909188897871
nb_categorico,13,50.309889517650234
nb_categorico,14,53.05847480463487
nb_categorico,15,55.13338722716249
nb_categorico,16,56.61546752896793
nb_categorico,17,58.259229318243065
nb_categorico,18,59.57962813257882
nb_categorico,19,60.41498248450552
nb_categorico,20,61.41201832390192
nb_categorico,21,62.40905416329831
nb_categorico,22,63.35219617353813
nb_categorico,23,64.10670978172999
nb_categorico,24,64.86122338992185
nb_categorico,25,65.93909997305309
nb_categorico,26,66.4780382646187
nb_categorico,27,67.36728644570196
nb_categorico,28,67.96011856642414
nb_categorico,29,68.76852600377256
nb_categorico,30,69.65777418485584
nb_categorico,31,70.11587173268661
nb_categorico,32,70.78954459714363
nb_categorico,33,71.46321746160065
nb_categorico,34,72.00215575316626
nb_categorico,35,72.59498787388844
nb_categorico,36,73.10697925087577
nb_categorico,37,73.4842360549717
nb_categorico,38,73.91538668822419
nb_categorico,39,74.48127189436809
nb_categorico,40,75.047157100512
nb_categorico,41,75.47830773376448
nb_categorico,42,76.04419293990838
nb_categorico,43,76.63702506063056
nb_categorico,44,77.09512260846132
nb_categorico,45,77.71490164376179
nb_categorico,46,78.09215844785771
nb_categorico,47,78.49636216653192
nb_categorico,48,79.00835354351928
nb_categorico,49,79.46645109135004
nb_categorico,50,80.05928321207222
nb_categorico,51,80.46348693074643
nb_categorico,52,81.00242522231204
nb_categorico,53,81.29884128267312
nb_categorico,54,81.72999191592562
nb_categorico,55,82.37671786580437
nb_categorico,56,82.80786849905685
nb_categorico,57,83.21207221773108
nb_categorico,58,83.53543519267043
nb_categorico,59,83.8857450821881
nb_categorico,60,84.53247103206682
nb_categorico,61,85.04446240905416
nb_categorico,62,85.44866612772837
nb_categorico,63,85.987604419294
nb_categorico,64,86.52654271085962
nb_categorico,65,87.11937483158178
nb_categorico,66,87.55052546483427
nb_categorico,67,88.17030450013473
nb_categorico,68,88.76313662085691
nb_categorico,69,89.51765022904877
nb_categorico,70,90.21827000808408
nb_categorico,71,90.70331447049313
nb_categorico,72,91.24225276205874
nb_categorico,73,91.75424413904608
nb_categorico,74,92.21234168687685
nb_categorico,75,92.64349232012935
nb_categorico,76,92.96685529506871
nb_categorico,77,93.2632713554298
nb_categorico,78,93.72136890326057
nb_categorico,79,94.0986257073565
nb_categorico,80,94.42198868229588
nb_categorico,81,94.9339800592832
nb_categorico,82,95.20344920506602
nb_categorico,83,95.60765292374023
nb_categorico,84,95.9310158986796
nb_categorico,85,96.14659121530585
nb_categorico,86,96.36216653193209
nb_categorico,87,96.57774184855835
nb_categorico,88,96.84721099434115
nb_categorico,89,97.08973322554567
nb_categorico,90,97.27836162759364
nb_categorico,91,97.44004311506332
nb_categorico,92,97.76340609000269
nb_categorico,93,98.1676098086769
nb_categorico,94,98.49097278361627
nb_categorico,95,98.65265427108596
nb_categorico,96,98.89517650229048
nb_categorico,97,99.24548639180813
nb_categorico,98,99.62274319590408
nb_categorico,99,99.73053085421719
nb_categorico,100,100.0
svm,1,6.332524925895985
svm,2,12.36863379143088
svm,3,16.195095661546752
svm,4,20.26407976286715
svm,5,24.090541632983022
svm,6,28.698464025869036
svm,7,32.65966046887631
svm,8,35.27351118296955
svm,9,38.26461870115872
svm,10,41.52519536513069
svm,11,44.81271894368095
svm,12,46.591215305847484
svm,13,47.85772029102668
svm,14,49.55537590945836
svm,15,51.38776610078146
svm,16,55.07949339800593
svm,17,57.0735650767987
svm,18,58.420910805712744
svm,19,60.33414174077068
svm,20,61.250336836432226
svm,21,61.78927512799785
svm,22,62.70547022365939
svm,23,63.29830234438156
svm,24,64.3761789275128
svm,25,65.18458636486122
svm,26,65.85825922931824
svm,27,66.69361358124495
svm,28,67.79843707895445
svm,29,68.55295068714632
svm,30,69.0110482349771
svm,31,69.73861492859068
svm,32,70.35839396389113
svm,33,71.13985448666128
svm,34,72.0829964969011
svm,35,72.51414713015359
svm,36,73.02613850714094
svm,37,73.40339531123686
svm,38,73.86149285906764
svm,39,74.64295338183778
svm,40,74.93936944219887
svm,41,75.72082996496901
svm,42,76.12503368364322
svm,43,76.47534357316087
svm,44,76.90649420641337
svm,45,77.44543249797898
svm,46,77.93047696038803
svm,47,78.52330908111021
svm,48,79.0891942872541
svm,49,79.49339800592831
svm,50,79.9514955537591
svm,51,80.46348693074643
svm,52,80.89463756399891
svm,53,81.29884128267312
svm,54,81.72999191592562
svm,55,82.1880894637564
svm,56,82.70008084074374
svm,57,83.05039073026138
svm,58,83.589329021827
svm,59,83.91269199676637
svm,60,84.31689571544058
svm,61,84.7210994341148
svm,62,85.20614389652384
svm,63,85.63729452977634
svm,64,86.17623282134196
svm,65,86.63433036917273
svm,66,86.79601185664242
svm,67,87.22716248989491
svm,68,87.523578550256
svm,69,87.95472918350849
svm,70,88.2241983292913
svm,71,88.52061438965238
svm,72,88.89787119374832
svm,73,89.35596874157909
svm,74,89.92185394772298
svm,75,90.48773915386688
svm,76,90.75720829964969
svm,77,91.26919967663703
svm,78,91.94287254109405
svm,79,92.2931824306117
svm,80,92.6973861492859
svm,81,92.96685529506871
svm,82,93.31716518458637
svm,83,93.72136890326057
svm,84,93.99083804904338
svm,85,94.39504176771759
svm,86,94.77229857181354
svm,87,95.20344920506602
svm,88,95.74238749663164
svm,89,96.14659121530585
svm,90,96.30827270277553
svm,91,96.68552950687146
svm,92,97.03583939638911
svm,93,97.44004311506332
svm,94,97.97898140662895
svm,95,98.27539746699003
svm,96,98.57181352735111
svm,97,98.84128267313392
svm,98,99.2993802209647
svm,99,99.62274319590408
svm,100,100.0
knn,1,6.575976361051487
knn,2,12.530315278900567
knn,3,18.371059013742926
knn,4,22.62963390691766
knn,5,26.309170933261477
knn,6,29.468457776478214
knn,7,32.770142818647265
knn,8,35.766254763829544
knn,9,38.57328335905539
knn,10,41.552142279708974
knn,11,44.74804634869307
knn,12,47.86310967394233
knn,13,50.767987065481
knn,14,53.556992724333064
knn,15,55.60346118147249
knn,16,57.34752537501122
knn,17,58.687513258455304
knn,18,59.834831264761355
knn,19,60.70486595951431
knn,20,61.657462509699265
knn,21,62.618544692761716
knn,22,63.47179203037432
knn,23,64.50396841932732
knn,24,65.09758632636563
knn,25,65.89030420881674
knn,26,66.52192323978903
knn,27,66.99875346287239
knn,28,67.68723361456803
knn,29,68.3440084571855
knn,30,68.86725949878739
knn,31,69.52454222801899
knn,32,70.02926279956921
knn,33,70.60706624166608
knn,34,71.25752799529306
knn,35,71.91064165940286
knn,36,72.57533036857524
knn,37,73.1274134965205
knn,38,73.6171249487824
knn,39,74.2079364521458
knn,40,74.86396385108597
knn,41,75.52276156099872
knn,42,76.10510655353492
knn,43,76.6541933010526
knn,44,77.18590870829827
knn,45,77.66406996398912
knn,46,78.16361802772516
knn,47,78.74802624619906
knn,48,79.34938370086427
knn,49,79.96773508506124
knn,50,80.4966727861384
knn,51,80.99162875735786
knn,52,81.44823279221015
knn,53,81.902528795524
knn,54,82.42231051274487
knn,55,82.94089859843578
knn,56,83.46161525649892
knn,57,83.98917977737703
knn,58,84.54839044006384
knn,59,85.12334337718332
knn,60,85.76810955145636
knn,61,86.39537941580387
knn,62,86.93107109115525
knn,63,87.45178774921837
knn,64,87.89373338138326
knn,65,88.33271757804546
knn,66,88.76061669822667
knn,67,89.20568625996522
knn,68,89.77098475257243
knn,69,90.3332734060044
knn,70,90.86976568414384
knn,71,91.37973997676191
knn,72,91.74627596538045
knn,73,92.08197963220005
knn,74,92.383988448417
knn,75,92.64739767006823
knn,76,92.93360292145005
knn,77,93.26674038351345
knn,78,93.5520679433929
knn,79,93.91058954518938
knn,80,94.31963820630342
knn,81,94.77176082850708
knn,82,95.00666981757
knn,83,95.2529856608014
knn,84,95.53058818077432
knn,85,95.86939843158659
knn,86,96.15234055700623
knn,87,96.40872073454983
knn,88,96.59845008057862
knn,89,96.80764337293506
knn,90,97.03208729435923
knn,91,97.22132145436203
knn,92,97.44220097345729
knn,93,97.77119543249798
knn,94,98.08353774327956
knn,95,98.40469321308582
knn,96,98.77070153449081
knn,97,99.125952642525
knn,98,99.37449138817792
knn,99,99.72668129499172
knn,100,100.0
rf,1,7.140932363244408
rf,2,13.36566963082727
rf,3,18.943680948531394
rf,4,23.497709512260844
rf,5,28.13257881972514
rf,6,31.95904068984101
rf,7,35.81244947453517
rf,8,38.69576933441121
rf,9,41.84855834007006
rf,10,44.62409054163298
rf,11,47.31878199946106
rf,12,50.121261115602266
rf,13,52.708164915117216
rf,14,55.48369711668014
rf,15,57.855025599568854
rf,16,59.31015898679601
rf,17,60.33414174077068
rf,18,60.98086769064942
rf,19,61.843168957154404
rf,20,62.75936405281596
rf,21,63.675559148477504
rf,22,64.45701967124764
rf,23,65.42710859606575
rf,24,66.3433036917273
rf,25,66.99002964160604
rf,26,67.90622473726758
rf,27,68.60684451630289
rf,28,69.2805173807599
rf,29,69.84640258690379
rf,30,70.4122877930477
rf,31,70.92427917003504
rf,32,71.40932363244409
rf,33,72.0829964969011
rf,34,72.46025330099704
rf,35,73.08003233629749
rf,36,73.59202371328483
rf,37,74.56211263810295
rf,38,75.1818916734034
rf,39,75.88251145243869
rf,40,76.36755591484776
rf,41,76.8526003772568
rf,42,77.4184855834007
rf,43,78.09215844785771
rf,44,78.60414982484507
rf,45,79.11614120183239
rf,46,79.54729183508489
rf,47,79.9514955537591
rf,48,80.46348693074643
rf,49,81.02937213689032
rf,50,81.72999191592562
rf,51,82.1880894637564
rf,52,82.59229318243061
rf,53,83.02344381568311
rf,54,83.40070061977903
rf,55,83.8587981676098
rf,56,84.23605497170574
rf,57,84.80194017784963
rf,58,85.31393155483697
rf,59,85.77202910266774
rf,60,86.09539207760712
rf,61,86.76906494206413
rf,62,87.11937483158178
rf,63,87.92778226893022
rf,64,88.25114524386957
rf,65,88.60145513338723
rf,66,89.24818108326596
rf,67,89.65238480194017
rf,68,90.02964160603611
rf,69,90.43384532471032
rf,70,90.70331447049313
rf,71,91.10751818916734
rf,72,91.48477499326327
rf,73,91.88897871193748
rf,74,92.26623551603342
rf,75,92.48181083265966
rf,76,92.75127997844247
rf,77,93.42495284289949
rf,78,93.6944219886823
rf,79,93.99083804904338
rf,80,94.42198868229588
rf,81,94.74535165723525
rf,82,95.17650229048775
rf,83,95.39207760711399
rf,84,95.6615467528968
rf,85,95.87712206952304
rf,86,96.30827270277553
rf,87,96.55079493398006
rf,88,96.82026407976286
rf,89,97.11668014012396
rf,90,97.3322554567502
rf,91,97.54783077337646
rf,92,97.8981406628941
rf,93,98.05982215036379
rf,94,98.38318512530316
rf,95,98.54486661277284
rf,96,98.76044192939908
rf,97,99.02991107518189
rf,98,99.35327405012127
rf,99,99.62274319590408
rf,100,100.0
sin_modelo,1,0.9987856709168184
sin_modelo,2,2.000607164541591
sin_modelo,3,2.9993928354584085
sin_modelo,4,4.001214329083182
sin_modelo,5,5.0
sin_modelo,6,5.998785670916817
sin_modelo,7,7.000607164541591
sin_modelo,8,7.999392835458409
sin_modelo,9,9.001214329083181
sin_modelo,10,10.0
sin_modelo,11,10.998785670916819
sin_modelo,12,12.000607164541591
sin_modelo,13,12.999392835458409
sin_modelo,14,14.001214329083181
sin_modelo,15,15.0
sin_modelo,16,15.998785670916819
sin_modelo,17,17.000607164541588
sin_modelo,18,17.99939283545841
sin_modelo,19,19.001214329083183
sin_modelo,20,20.0
sin_modelo,21,20.99878567091682
sin_modelo,22,22.00060716454159
sin_modelo,23,22.99939283545841
sin_modelo,24,24.001214329083183
sin_modelo,25,25.0
sin_modelo,26,25.998785670916817
sin_modelo,27,27.00060716454159
sin_modelo,28,27.99939283545841
sin_modelo,29,29.00121432908318
sin_modelo,30,30.0
sin_modelo,31,30.998785670916817
sin_modelo,32,32.00060716454159
sin_modelo,33,32.99939283545841
sin_modelo,34,34.001214329083176
sin_modelo,35,35.0
sin_modelo,36,35.99878567091682
sin_modelo,37,37.00060716454159
sin_modelo,38,37.99939283545841
sin_modelo,39,39.00121432908318
sin_modelo,40,40.0
sin_modelo,41,40.998785670916824
sin_modelo,42,42.00060716454159
sin_modelo,43,42.99939283545841
sin_modelo,44,44.00121432908318
sin_modelo,45,45.0
sin_modelo,46,45.99878567091682
sin_modelo,47,47.00060716454159
sin_modelo,48,47.99939283545841
sin_modelo,49,49.00121432908318
sin_modelo,50,50.0
sin_modelo,51,50.99878567091681
sin_modelo,52,52.00060716454159
sin_modelo,53,52.999392835458416
sin_modelo,54,54.00121432908318
sin_modelo,55,55.00000000000001
sin_modelo,56,55.99878567091682
sin_modelo,57,57.00060716454159
sin_modelo,58,57.99939283545841
sin_modelo,59,59.00121432908318
sin_modelo,60,60.0
sin_modelo,61,60.998785670916824
sin_modelo,62,62.00060716454159
sin_modelo,63,62.99939283545841
sin_modelo,64,64.00121432908318
sin_modelo,65,65.0
sin_modelo,66,65.99878567091682
sin_modelo,67,67.00060716454159
sin_modelo,68,67.99939283545841
sin_modelo,69,69.00121432908318
sin_modelo,70,70.0
sin_modelo,71,70.99878567091682
sin_modelo,72,72.00060716454159
sin_modelo,73,72.99939283545841
sin_modelo,74,74.00121432908318
sin_modelo,75,75.0
sin_modelo,76,75.99878567091682
sin_modelo,77,77.00060716454159
sin_modelo,78,77.99939283545841
sin_modelo,79,79.00121432908318
sin_modelo,80,80.0
sin_modelo,81,80.99878567091682
sin_modelo,82,82.00060716454159
sin_modelo,83,82.99939283545841
sin_modelo,84,84.00121432908318
sin_modelo,85,85.0
sin_modelo,86,85.99878567091682
sin_modelo,87,87.00060716454159
sin_modelo,88,87.99939283545841
sin_modelo,89,89.00121432908318
sin_modelo,90,90.0
sin_modelo,91,90.99878567091682
sin_modelo,92,92.00060716454159
sin_modelo,93,92.99939283545841
sin_modelo,94,94.00121432908318
sin_modelo,95,95.0
sin_modelo,96,95.99878567091682
sin_modelo,97,97.00060716454159
sin_modelo,98,97.99939283545841
sin_modelo,99,99.00121432908318
sin_modelo,100,100.0
