esquema,fold,n_train,n_validacion,pct_yes_train,pct_yes_validacion,fila_min_validacion,fila_max_validacion,fila_max_train
hacia_adelante,1,5490,5490,2.8961748633879782,4.735883424408015,6882,13731,6881
hacia_adelante,2,10980,5490,3.8160291438979965,6.539162112932605,13732,20634,13731
hacia_adelante,3,16470,5490,4.723740133576199,5.573770491803279,20636,27499,20634
hacia_adelante,4,21960,5490,4.936247723132969,12.6775956284153,27500,34357,27499
hacia_adelante,5,27450,5490,6.484517304189436,35.17304189435337,34358,41187,34357
barajado,1,26352,6588,11.266697024893746,11.262902246508803,3,41184,41187
barajado,2,26352,6588,11.266697024893746,11.262902246508803,4,41183,41187
barajado,3,26352,6588,11.266697024893746,11.262902246508803,15,41186,41187
barajado,4,26352,6588,11.266697024893746,11.262902246508803,0,41181,41187
barajado,5,26352,6588,11.262902246508803,11.278081360048573,2,41187,41186
