modelo,esquema,variante,metrica,media,desvio,n,error_estandar
nb_categorico,hacia_adelante,todas,auc,0.5983008237793684,0.08654143693841837,5,0.03870250717296295
nb_categorico,hacia_adelante,todas,recall_q,0.28650816685507985,0.09158411954183479,5,0.040957663391001896
nb_categorico,hacia_adelante,sin_macro,auc,0.6039483204610497,0.09010433917938822,5,0.04029588549456193
nb_categorico,hacia_adelante,sin_macro,recall_q,0.3022160751096722,0.1016665824460265,5,0.04546667787788042
nb_categorico,hacia_adelante,sin_macro_ni_month,auc,0.5661861435056478,0.10132866710475559,5,0.045315557543136056
nb_categorico,hacia_adelante,sin_macro_ni_month,recall_q,0.2814955048947025,0.09934075324136746,5,0.04442653543674604
nb_categorico,barajado,todas,auc,0.7818193279433181,0.007186559715427272,5,0.0032139272096113843
nb_categorico,barajado,todas,recall_q,0.6143887423681222,0.017187895275837313,5,0.0076866604453839455
nb_categorico,barajado,sin_macro,auc,0.7487187152390863,0.012009724883712512,5,0.0053709122462103865
nb_categorico,barajado,sin_macro,recall_q,0.5281578651420445,0.012070935778238938,5,0.005398286590435318
nb_categorico,barajado,sin_macro_ni_month,auc,0.7242797212262879,0.011370068963539374,5,0.0050848494222669235
nb_categorico,barajado,sin_macro_ni_month,recall_q,0.4651046787083761,0.012874001394392091,5,0.005757428452057559
nb_categorico,barajado_menos_hacia_adelante,todas,auc,0.18351850416394966,,,
nb_categorico,barajado_menos_hacia_adelante,sin_macro,auc,0.14477039477803655,,,
nb_categorico,barajado_menos_hacia_adelante,sin_macro_ni_month,auc,0.15809357772064014,,,
svm,hacia_adelante,todas,auc,0.5408479561945052,0.07760354814555584,5,0.03470536178972812
svm,hacia_adelante,todas,recall_q,0.2334180983576591,0.07606990146058067,5,0.03401949414151378
svm,hacia_adelante,sin_macro,auc,0.5626901976957587,0.12196856126382893,5,0.05454599882075383
svm,hacia_adelante,sin_macro,recall_q,0.2561489994483238,0.11395372658448753,5,0.05096165578646781
svm,hacia_adelante,sin_macro_ni_month,auc,0.5491155562794658,0.08071767498724086,5,0.036098041651441
svm,hacia_adelante,sin_macro_ni_month,recall_q,0.26151601178284,0.06176899970822404,5,0.027623936449950724
svm,barajado,todas,auc,0.774081387141884,0.009110387933431068,5,0.004074289344109139
svm,barajado,todas,recall_q,0.613580117031195,0.01784197333885646,5,0.007979173047684387
svm,barajado,sin_macro,auc,0.7537997617009086,0.011685675965451555,5,0.005225993164357032
svm,barajado,sin_macro,recall_q,0.5389373596514458,0.013527214403781474,5,0.006049554190613933
svm,barajado,sin_macro_ni_month,auc,0.7256039495377327,0.008608502888717779,5,0.003849839528735252
svm,barajado,sin_macro_ni_month,recall_q,0.4640275999172873,0.013055996248187846,5,0.005838819024986047
svm,barajado_menos_hacia_adelante,todas,auc,0.2332334309473788,,,
svm,barajado_menos_hacia_adelante,sin_macro,auc,0.1911095640051499,,,
svm,barajado_menos_hacia_adelante,sin_macro_ni_month,auc,0.17648839325826682,,,
knn,hacia_adelante,todas,auc,0.5389972701452361,0.06500508644687214,5,0.029071158435691274
knn,hacia_adelante,todas,recall_q,0.2151034701004237,0.0531885761366665,5,0.023786654373601886
knn,hacia_adelante,sin_macro,auc,0.5568592314606533,0.09863594725957234,5,0.044111336619497565
knn,hacia_adelante,sin_macro,recall_q,0.26127837409555427,0.07450804399415546,5,0.03332101024829531
knn,hacia_adelante,sin_macro_ni_month,auc,0.5418034959816216,0.09065130923036774,5,0.04054049793769128
knn,hacia_adelante,sin_macro_ni_month,recall_q,0.2432352708716729,0.06926755144945393,5,0.030977390735188612
knn,barajado,todas,auc,0.7842366243346924,0.007568863157668092,5,0.003384898506587912
knn,barajado,todas,recall_q,0.6172239994771402,0.016209118914680413,5,0.007248938349720603
knn,barajado,sin_macro,auc,0.753603101060668,0.008904307396391852,5,0.0039821273261772695
knn,barajado,sin_macro,recall_q,0.5351775721026064,0.023724134745390705,5,0.010609755599611656
knn,barajado,sin_macro_ni_month,auc,0.7314818659441797,0.008749208593594576,5,0.003912765032920561
knn,barajado,sin_macro_ni_month,recall_q,0.48381982687145336,0.01505837268038282,5,0.00673430898877234
knn,barajado_menos_hacia_adelante,todas,auc,0.2452393541894563,,,
knn,barajado_menos_hacia_adelante,sin_macro,auc,0.19674386960001466,,,
knn,barajado_menos_hacia_adelante,sin_macro_ni_month,auc,0.18967836996255816,,,
rf,hacia_adelante,todas,auc,0.5579553984240241,0.12268168291889758,5,0.05486491652014596
rf,hacia_adelante,todas,recall_q,0.2431019519085687,0.11208361922458955,5,0.0501253183500769
rf,hacia_adelante,sin_macro,auc,0.5557486357494866,0.10994816009386625,5,0.04917031199418292
rf,hacia_adelante,sin_macro,recall_q,0.25135975966659513,0.10309551630292212,5,0.04610571652575433
rf,hacia_adelante,sin_macro_ni_month,auc,0.5467434004892665,0.09807530510691914,5,0.0438606098266207
rf,hacia_adelante,sin_macro_ni_month,recall_q,0.2523381972958093,0.08095125492343776,5,0.03620250177454427
rf,barajado,todas,auc,0.7951942289800994,0.005580266912259238,5,0.002495571229680902
rf,barajado,todas,recall_q,0.6294772775917549,0.018220928085098318,5,0.008148646762282982
rf,barajado,sin_macro,auc,0.772489364333114,0.01030579258128863,5,0.00460889055475488
rf,barajado,sin_macro,recall_q,0.5736980914410509,0.018832228882334195,5,0.008422028789746829
rf,barajado,sin_macro_ni_month,auc,0.7364646277082632,0.00866142524532732,5,0.0038735071261169355
rf,barajado,sin_macro_ni_month,recall_q,0.4855876772609041,0.018107587001984185,5,0.00809795908898565
rf,barajado_menos_hacia_adelante,todas,auc,0.2372388305560753,,,
rf,barajado_menos_hacia_adelante,sin_macro,auc,0.21674072858362736,,,
rf,barajado_menos_hacia_adelante,sin_macro_ni_month,auc,0.18972122721899665,,,
