esquema,variante,modelo,configuracion,fold,conjunto,metrica,valor
hacia_adelante,todas,svm,"{""C"": 0.001, ""implementacion"": ""liblinear"", ""kernel"": ""linear"", ""pesos_clase"": ""balanced""}",1,train,auc,0.592654923321406
hacia_adelante,todas,svm,"{""C"": 0.001, ""implementacion"": ""liblinear"", ""kernel"": ""linear"", ""pesos_clase"": ""balanced""}",1,train,ap,0.04181892734262962
hacia_adelante,todas,svm,"{""C"": 0.001, ""implementacion"": ""liblinear"", ""kernel"": ""linear"", ""pesos_clase"": ""balanced""}",1,train,recall_q,0.2830188679245283
hacia_adelante,todas,svm,"{""C"": 0.001, ""implementacion"": ""liblinear"", ""kernel"": ""linear"", ""pesos_clase"": ""balanced""}",1,train,precision_q,0.040983606557377046
hacia_adelante,todas,svm,"{""C"": 0.001, ""implementacion"": ""liblinear"", ""kernel"": ""linear"", ""pesos_clase"": ""balanced""}",1,train,f1_q,0.07159904534606205
hacia_adelante,todas,svm,"{""C"": 0.001, ""implementacion"": ""liblinear"", ""kernel"": ""linear"", ""pesos_clase"": ""balanced""}",1,validacion,auc,0.521857258420356
hacia_adelante,todas,svm,"{""C"": 0.001, ""implementacion"": ""liblinear"", ""kernel"": ""linear"", ""pesos_clase"": ""balanced""}",1,validacion,ap,0.04896092038282199
hacia_adelante,todas,svm,"{""C"": 0.001, ""implementacion"": ""liblinear"", ""kernel"": ""linear"", ""pesos_clase"": ""balanced""}",1,validacion,recall_q,0.2076923076923077
hacia_adelante,todas,svm,"{""C"": 0.001, ""implementacion"": ""liblinear"", ""kernel"": ""linear"", ""pesos_clase"": ""balanced""}",1,validacion,precision_q,0.04918032786885246
hacia_adelante,todas,svm,"{""C"": 0.001, ""implementacion"": ""liblinear"", ""kernel"": ""linear"", ""pesos_clase"": ""balanced""}",1,validacion,f1_q,0.07952871870397644
hacia_adelante,todas,svm,"{""C"": 0.001, ""implementacion"": ""liblinear"", ""kernel"": ""linear"", ""pesos_clase"": ""balanced""}",2,train,auc,0.6023794259014399
hacia_adelante,todas,svm,"{""C"": 0.001, ""implementacion"": ""liblinear"", ""kernel"": ""linear"", ""pesos_clase"": ""balanced""}",2,train,ap,0.05139684888050124
hacia_adelante,todas,svm,"{""C"": 0.001, ""implementacion"": ""liblinear"", ""kernel"": ""linear"", ""pesos_clase"": ""balanced""}",2,train,recall_q,0.3126491646778043
hacia_adelante,todas,svm,"{""C"": 0.001, ""implementacion"": ""liblinear"", ""kernel"": ""linear"", ""pesos_clase"": ""balanced""}",2,train,precision_q,0.05965391621129326
hacia_adelante,todas,svm,"{""C"": 0.001, ""implementacion"": ""liblinear"", ""kernel"": ""linear"", ""pesos_clase"": ""balanced""}",2,train,f1_q,0.10019120458891013
hacia_adelante,todas,svm,"{""C"": 0.001, ""implementacion"": ""liblinear"", ""kernel"": ""linear"", ""pesos_clase"": ""balanced""}",2,validacion,auc,0.4871052518717132
hacia_adelante,todas,svm,"{""C"": 0.001, ""implementacion"": ""liblinear"", ""kernel"": ""linear"", ""pesos_clase"": ""balanced""}",2,validacion,ap,0.06211803910890069
hacia_adelante,todas,svm,"{""C"": 0.001, ""implementacion"": ""liblinear"", ""kernel"": ""linear"", ""pesos_clase"": ""balanced""}",2,validacion,recall_q,0.18662952646239556
hacia_adelante,todas,svm,"{""C"": 0.001, ""implementacion"": ""liblinear"", ""kernel"": ""linear"", ""pesos_clase"": ""balanced""}",2,validacion,precision_q,0.0610200364298725
hacia_adelante,todas,svm,"{""C"": 0.001, ""implementacion"": ""liblinear"", ""kernel"": ""linear"", ""pesos_clase"": ""balanced""}",2,validacion,f1_q,0.09196980096087852
hacia_adelante,todas,svm,"{""C"": 0.001, ""implementacion"": ""liblinear"", ""kernel"": ""linear"", ""pesos_clase"": ""balanced""}",3,train,auc,0.6064332389500454
hacia_adelante,todas,svm,"{""C"": 0.001, ""implementacion"": ""liblinear"", ""kernel"": ""linear"", ""pesos_clase"": ""balanced""}",3,train,ap,0.06250518830288052
hacia_adelante,todas,svm,"{""C"": 0.001, ""implementacion"": ""liblinear"", ""kernel"": ""linear"", ""pesos_clase"": ""balanced""}",3,train,recall_q,0.2943444730077121
hacia_adelante,todas,svm,"{""C"": 0.001, ""implementacion"": ""liblinear"", ""kernel"": ""linear"", ""pesos_clase"": ""balanced""}",3,train,precision_q,0.06952034001214329
hacia_adelante,todas,svm,"{""C"": 0.001, ""implementacion"": ""liblinear"", ""kernel"": ""linear"", ""pesos_clase"": ""balanced""}",3,train,f1_q,0.112475442043222
hacia_adelante,todas,svm,"{""C"": 0.001, ""implementacion"": ""liblinear"", ""kernel"": ""linear"", ""pesos_clase"": ""balanced""}",3,validacion,auc,0.45723549836601307
hacia_adelante,todas,svm,"{""C"": 0.001, ""implementacion"": ""liblinear"", ""kernel"": ""linear"", ""pesos_clase"": ""balanced""}",3,validacion,ap,0.04848664553239038
hacia_adelante,todas,svm,"{""C"": 0.001, ""implementacion"": ""liblinear"", ""kernel"": ""linear"", ""pesos_clase"": ""balanced""}",3,validacion,recall_q,0.14705882352941177
hacia_adelante,todas,svm,"{""C"": 0.001, ""implementacion"": ""liblinear"", ""kernel"": ""linear"", ""pesos_clase"": ""balanced""}",3,validacion,precision_q,0.040983606557377046
hacia_adelante,todas,svm,"{""C"": 0.001, ""implementacion"": ""liblinear"", ""kernel"": ""linear"", ""pesos_clase"": ""balanced""}",3,validacion,f1_q,0.06410256410256411
hacia_adelante,todas,svm,"{""C"": 0.001, ""implementacion"": ""liblinear"", ""kernel"": ""linear"", ""pesos_clase"": ""balanced""}",4,train,auc,0.5875469473941721
hacia_adelante,todas,svm,"{""C"": 0.001, ""implementacion"": ""liblinear"", ""kernel"": ""linear"", ""pesos_clase"": ""balanced""}",4,train,ap,0.06689101816565246
hacia_adelante,todas,svm,"{""C"": 0.001, ""implementacion"": ""liblinear"", ""kernel"": ""linear"", ""pesos_clase"": ""balanced""}",4,train,recall_q,0.2564575645756458
hacia_adelante,todas,svm,"{""C"": 0.001, ""implementacion"": ""liblinear"", ""kernel"": ""linear"", ""pesos_clase"": ""balanced""}",4,train,precision_q,0.06329690346083788
hacia_adelante,todas,svm,"{""C"": 0.001, ""implementacion"": ""liblinear"", ""kernel"": ""linear"", ""pesos_clase"": ""balanced""}",4,train,f1_q,0.10153396639883126
hacia_adelante,todas,svm,"{""C"": 0.001, ""implementacion"": ""liblinear"", ""kernel"": ""linear"", ""pesos_clase"": ""balanced""}",4,validacion,auc,0.6475450934837129
hacia_adelante,todas,svm,"{""C"": 0.001, ""implementacion"": ""liblinear"", ""kernel"": ""linear"", ""pesos_clase"": ""balanced""}",4,validacion,ap,0.18950648999997338
hacia_adelante,todas,svm,"{""C"": 0.001, ""implementacion"": ""liblinear"", ""kernel"": ""linear"", ""pesos_clase"": ""balanced""}",4,validacion,recall_q,0.3232758620689655
hacia_adelante,todas,svm,"{""C"": 0.001, ""implementacion"": ""liblinear"", ""kernel"": ""linear"", ""pesos_clase"": ""balanced""}",4,validacion,precision_q,0.20491803278688525
hacia_adelante,todas,svm,"{""C"": 0.001, ""implementacion"": ""liblinear"", ""kernel"": ""linear"", ""pesos_clase"": ""balanced""}",4,validacion,f1_q,0.2508361204013378
hacia_adelante,todas,svm,"{""C"": 0.001, ""implementacion"": ""liblinear"", ""kernel"": ""linear"", ""pesos_clase"": ""balanced""}",5,train,auc,0.6556706337568884
hacia_adelante,todas,svm,"{""C"": 0.001, ""implementacion"": ""liblinear"", ""kernel"": ""linear"", ""pesos_clase"": ""balanced""}",5,train,ap,0.17723956371713936
hacia_adelante,todas,svm,"{""C"": 0.001, ""implementacion"": ""liblinear"", ""kernel"": ""linear"", ""pesos_clase"": ""balanced""}",5,train,recall_q,0.41123595505617977
hacia_adelante,todas,svm,"{""C"": 0.001, ""implementacion"": ""liblinear"", ""kernel"": ""linear"", ""pesos_clase"": ""balanced""}",5,train,precision_q,0.13333333333333333
hacia_adelante,todas,svm,"{""C"": 0.001, ""implementacion"": ""liblinear"", ""kernel"": ""linear"", ""pesos_clase"": ""balanced""}",5,train,f1_q,0.2013755158184319
hacia_adelante,todas,svm,"{""C"": 0.001, ""implementacion"": ""liblinear"", ""kernel"": ""linear"", ""pesos_clase"": ""balanced""}",5,validacion,auc,0.5904966788307308
hacia_adelante,todas,svm,"{""C"": 0.001, ""implementacion"": ""liblinear"", ""kernel"": ""linear"", ""pesos_clase"": ""balanced""}",5,validacion,ap,0.4754575039834181
hacia_adelante,todas,svm,"{""C"": 0.001, ""implementacion"": ""liblinear"", ""kernel"": ""linear"", ""pesos_clase"": ""balanced""}",5,validacion,recall_q,0.30243397203521494
hacia_adelante,todas,svm,"{""C"": 0.001, ""implementacion"": ""liblinear"", ""kernel"": ""linear"", ""pesos_clase"": ""balanced""}",5,validacion,precision_q,0.5318761384335154
hacia_adelante,todas,svm,"{""C"": 0.001, ""implementacion"": ""liblinear"", ""kernel"": ""linear"", ""pesos_clase"": ""balanced""}",5,validacion,f1_q,0.3856058104985144
hacia_adelante,sin_macro,svm,"{""C"": 0.001, ""implementacion"": ""liblinear"", ""kernel"": ""linear"", ""pesos_clase"": ""balanced""}",1,train,auc,0.6022475634977095
hacia_adelante,sin_macro,svm,"{""C"": 0.001, ""implementacion"": ""liblinear"", ""kernel"": ""linear"", ""pesos_clase"": ""balanced""}",1,train,ap,0.045527967096010494
hacia_adelante,sin_macro,svm,"{""C"": 0.001, ""implementacion"": ""liblinear"", ""kernel"": ""linear"", ""pesos_clase"": ""balanced""}",1,train,recall_q,0.32075471698113206
hacia_adelante,sin_macro,svm,"{""C"": 0.001, ""implementacion"": ""liblinear"", ""kernel"": ""linear"", ""pesos_clase"": ""balanced""}",1,train,precision_q,0.04644808743169399
hacia_adelante,sin_macro,svm,"{""C"": 0.001, ""implementacion"": ""liblinear"", ""kernel"": ""linear"", ""pesos_clase"": ""balanced""}",1,train,f1_q,0.081145584725537
hacia_adelante,sin_macro,svm,"{""C"": 0.001, ""implementacion"": ""liblinear"", ""kernel"": ""linear"", ""pesos_clase"": ""balanced""}",1,validacion,auc,0.4936192822473893
hacia_adelante,sin_macro,svm,"{""C"": 0.001, ""implementacion"": ""liblinear"", ""kernel"": ""linear"", ""pesos_clase"": ""balanced""}",1,validacion,ap,0.04574913070485036
hacia_adelante,sin_macro,svm,"{""C"": 0.001, ""implementacion"": ""liblinear"", ""kernel"": ""linear"", ""pesos_clase"": ""balanced""}",1,validacion,recall_q,0.2
hacia_adelante,sin_macro,svm,"{""C"": 0.001, ""implementacion"": ""liblinear"", ""kernel"": ""linear"", ""pesos_clase"": ""balanced""}",1,validacion,precision_q,0.04735883424408015
hacia_adelante,sin_macro,svm,"{""C"": 0.001, ""implementacion"": ""liblinear"", ""kernel"": ""linear"", ""pesos_clase"": ""balanced""}",1,validacion,f1_q,0.07658321060382917
hacia_adelante,sin_macro,svm,"{""C"": 0.001, ""implementacion"": ""liblinear"", ""kernel"": ""linear"", ""pesos_clase"": ""balanced""}",2,train,auc,0.5960245953782763
hacia_adelante,sin_macro,svm,"{""C"": 0.001, ""implementacion"": ""liblinear"", ""kernel"": ""linear"", ""pesos_clase"": ""balanced""}",2,train,ap,0.055452213398387844
hacia_adelante,sin_macro,svm,"{""C"": 0.001, ""implementacion"": ""liblinear"", ""kernel"": ""linear"", ""pesos_clase"": ""balanced""}",2,train,recall_q,0.3221957040572792
hacia_adelante,sin_macro,svm,"{""C"": 0.001, ""implementacion"": ""liblinear"", ""kernel"": ""linear"", ""pesos_clase"": ""balanced""}",2,train,precision_q,0.06147540983606557
hacia_adelante,sin_macro,svm,"{""C"": 0.001, ""implementacion"": ""liblinear"", ""kernel"": ""linear"", ""pesos_clase"": ""balanced""}",2,train,f1_q,0.10325047801147227
hacia_adelante,sin_macro,svm,"{""C"": 0.001, ""implementacion"": ""liblinear"", ""kernel"": ""linear"", ""pesos_clase"": ""balanced""}",2,validacion,auc,0.5375205819235201
hacia_adelante,sin_macro,svm,"{""C"": 0.001, ""implementacion"": ""liblinear"", ""kernel"": ""linear"", ""pesos_clase"": ""balanced""}",2,validacion,ap,0.07619336032226155
hacia_adelante,sin_macro,svm,"{""C"": 0.001, ""implementacion"": ""liblinear"", ""kernel"": ""linear"", ""pesos_clase"": ""balanced""}",2,validacion,recall_q,0.2200557103064067
hacia_adelante,sin_macro,svm,"{""C"": 0.001, ""implementacion"": ""liblinear"", ""kernel"": ""linear"", ""pesos_clase"": ""balanced""}",2,validacion,precision_q,0.07194899817850638
hacia_adelante,sin_macro,svm,"{""C"": 0.001, ""implementacion"": ""liblinear"", ""kernel"": ""linear"", ""pesos_clase"": ""balanced""}",2,validacion,f1_q,0.10844200411805079
hacia_adelante,sin_macro,svm,"{""C"": 0.001, ""implementacion"": ""liblinear"", ""kernel"": ""linear"", ""pesos_clase"": ""balanced""}",3,train,auc,0.6117187494880564
hacia_adelante,sin_macro,svm,"{""C"": 0.001, ""implementacion"": ""liblinear"", ""kernel"": ""linear"", ""pesos_clase"": ""balanced""}",3,train,ap,0.06615016403557716
hacia_adelante,sin_macro,svm,"{""C"": 0.001, ""implementacion"": ""liblinear"", ""kernel"": ""linear"", ""pesos_clase"": ""balanced""}",3,train,recall_q,0.3046272493573265
hacia_adelante,sin_macro,svm,"{""C"": 0.001, ""implementacion"": ""liblinear"", ""kernel"": ""linear"", ""pesos_clase"": ""balanced""}",3,train,precision_q,0.07194899817850638
hacia_adelante,sin_macro,svm,"{""C"": 0.001, ""implementacion"": ""liblinear"", ""kernel"": ""linear"", ""pesos_clase"": ""balanced""}",3,train,f1_q,0.11640471512770138
hacia_adelante,sin_macro,svm,"{""C"": 0.001, ""implementacion"": ""liblinear"", ""kernel"": ""linear"", ""pesos_clase"": ""balanced""}",3,validacion,auc,0.4111229625595094
hacia_adelante,sin_macro,svm,"{""C"": 0.001, ""implementacion"": ""liblinear"", ""kernel"": ""linear"", ""pesos_clase"": ""balanced""}",3,validacion,ap,0.04459069155276667
hacia_adelante,sin_macro,svm,"{""C"": 0.001, ""implementacion"": ""liblinear"", ""kernel"": ""linear"", ""pesos_clase"": ""balanced""}",3,validacion,recall_q,0.11437908496732026
hacia_adelante,sin_macro,svm,"{""C"": 0.001, ""implementacion"": ""liblinear"", ""kernel"": ""linear"", ""pesos_clase"": ""balanced""}",3,validacion,precision_q,0.031876138433515486
hacia_adelante,sin_macro,svm,"{""C"": 0.001, ""implementacion"": ""liblinear"", ""kernel"": ""linear"", ""pesos_clase"": ""balanced""}",3,validacion,f1_q,0.049857549857549865
hacia_adelante,sin_macro,svm,"{""C"": 0.001, ""implementacion"": ""liblinear"", ""kernel"": ""linear"", ""pesos_clase"": ""balanced""}",4,train,auc,0.5883964548354048
hacia_adelante,sin_macro,svm,"{""C"": 0.001, ""implementacion"": ""liblinear"", ""kernel"": ""linear"", ""pesos_clase"": ""balanced""}",4,train,ap,0.06387141768583163
hacia_adelante,sin_macro,svm,"{""C"": 0.001, ""implementacion"": ""liblinear"", ""kernel"": ""linear"", ""pesos_clase"": ""balanced""}",4,train,recall_q,0.272140221402214
hacia_adelante,sin_macro,svm,"{""C"": 0.001, ""implementacion"": ""liblinear"", ""kernel"": ""linear"", ""pesos_clase"": ""balanced""}",4,train,precision_q,0.06716757741347905
hacia_adelante,sin_macro,svm,"{""C"": 0.001, ""implementacion"": ""liblinear"", ""kernel"": ""linear"", ""pesos_clase"": ""balanced""}",4,train,f1_q,0.10774287801314827
hacia_adelante,sin_macro,svm,"{""C"": 0.001, ""implementacion"": ""liblinear"", ""kernel"": ""linear"", ""pesos_clase"": ""balanced""}",4,validacion,auc,0.6641737276960185
hacia_adelante,sin_macro,svm,"{""C"": 0.001, ""implementacion"": ""liblinear"", ""kernel"": ""linear"", ""pesos_clase"": ""balanced""}",4,validacion,ap,0.20680127438322848
hacia_adelante,sin_macro,svm,"{""C"": 0.001, ""implementacion"": ""liblinear"", ""kernel"": ""linear"", ""pesos_clase"": ""balanced""}",4,validacion,recall_q,0.375
hacia_adelante,sin_macro,svm,"{""C"": 0.001, ""implementacion"": ""liblinear"", ""kernel"": ""linear"", ""pesos_clase"": ""balanced""}",4,validacion,precision_q,0.23770491803278687
hacia_adelante,sin_macro,svm,"{""C"": 0.001, ""implementacion"": ""liblinear"", ""kernel"": ""linear"", ""pesos_clase"": ""balanced""}",4,validacion,f1_q,0.29096989966555187
hacia_adelante,sin_macro,svm,"{""C"": 0.001, ""implementacion"": ""liblinear"", ""kernel"": ""linear"", ""pesos_clase"": ""balanced""}",5,train,auc,0.6568743954163256
hacia_adelante,sin_macro,svm,"{""C"": 0.001, ""implementacion"": ""liblinear"", ""kernel"": ""linear"", ""pesos_clase"": ""balanced""}",5,train,ap,0.16232017828390122
hacia_adelante,sin_macro,svm,"{""C"": 0.001, ""implementacion"": ""liblinear"", ""kernel"": ""linear"", ""pesos_clase"": ""balanced""}",5,train,recall_q,0.3960674157303371
hacia_adelante,sin_macro,svm,"{""C"": 0.001, ""implementacion"": ""liblinear"", ""kernel"": ""linear"", ""pesos_clase"": ""balanced""}",5,train,precision_q,0.1284153005464481
hacia_adelante,sin_macro,svm,"{""C"": 0.001, ""implementacion"": ""liblinear"", ""kernel"": ""linear"", ""pesos_clase"": ""balanced""}",5,train,f1_q,0.1939477303988996
hacia_adelante,sin_macro,svm,"{""C"": 0.001, ""implementacion"": ""liblinear"", ""kernel"": ""linear"", ""pesos_clase"": ""balanced""}",5,validacion,auc,0.7070144340523561
hacia_adelante,sin_macro,svm,"{""C"": 0.001, ""implementacion"": ""liblinear"", ""kernel"": ""linear"", ""pesos_clase"": ""balanced""}",5,validacion,ap,0.5702930419183002
hacia_adelante,sin_macro,svm,"{""C"": 0.001, ""implementacion"": ""liblinear"", ""kernel"": ""linear"", ""pesos_clase"": ""balanced""}",5,validacion,recall_q,0.3713102019678923
hacia_adelante,sin_macro,svm,"{""C"": 0.001, ""implementacion"": ""liblinear"", ""kernel"": ""linear"", ""pesos_clase"": ""balanced""}",5,validacion,precision_q,0.6530054644808743
hacia_adelante,sin_macro,svm,"{""C"": 0.001, ""implementacion"": ""liblinear"", ""kernel"": ""linear"", ""pesos_clase"": ""balanced""}",5,validacion,f1_q,0.4734235721360185
hacia_adelante,sin_macro_ni_month,svm,"{""C"": 0.001, ""implementacion"": ""liblinear"", ""kernel"": ""linear"", ""pesos_clase"": ""balanced""}",1,train,auc,0.6022446140941379
hacia_adelante,sin_macro_ni_month,svm,"{""C"": 0.001, ""implementacion"": ""liblinear"", ""kernel"": ""linear"", ""pesos_clase"": ""balanced""}",1,train,ap,0.045526243543373396
hacia_adelante,sin_macro_ni_month,svm,"{""C"": 0.001, ""implementacion"": ""liblinear"", ""kernel"": ""linear"", ""pesos_clase"": ""balanced""}",1,train,recall_q,0.32075471698113206
hacia_adelante,sin_macro_ni_month,svm,"{""C"": 0.001, ""implementacion"": ""liblinear"", ""kernel"": ""linear"", ""pesos_clase"": ""balanced""}",1,train,precision_q,0.04644808743169399
hacia_adelante,sin_macro_ni_month,svm,"{""C"": 0.001, ""implementacion"": ""liblinear"", ""kernel"": ""linear"", ""pesos_clase"": ""balanced""}",1,train,f1_q,0.081145584725537
hacia_adelante,sin_macro_ni_month,svm,"{""C"": 0.001, ""implementacion"": ""liblinear"", ""kernel"": ""linear"", ""pesos_clase"": ""balanced""}",1,validacion,auc,0.49375165465509635
hacia_adelante,sin_macro_ni_month,svm,"{""C"": 0.001, ""implementacion"": ""liblinear"", ""kernel"": ""linear"", ""pesos_clase"": ""balanced""}",1,validacion,ap,0.045769168872778085
hacia_adelante,sin_macro_ni_month,svm,"{""C"": 0.001, ""implementacion"": ""liblinear"", ""kernel"": ""linear"", ""pesos_clase"": ""balanced""}",1,validacion,recall_q,0.2
hacia_adelante,sin_macro_ni_month,svm,"{""C"": 0.001, ""implementacion"": ""liblinear"", ""kernel"": ""linear"", ""pesos_clase"": ""balanced""}",1,validacion,precision_q,0.04735883424408015
hacia_adelante,sin_macro_ni_month,svm,"{""C"": 0.001, ""implementacion"": ""liblinear"", ""kernel"": ""linear"", ""pesos_clase"": ""balanced""}",1,validacion,f1_q,0.07658321060382917
hacia_adelante,sin_macro_ni_month,svm,"{""C"": 0.001, ""implementacion"": ""liblinear"", ""kernel"": ""linear"", ""pesos_clase"": ""balanced""}",2,train,auc,0.5738669247121904
hacia_adelante,sin_macro_ni_month,svm,"{""C"": 0.001, ""implementacion"": ""liblinear"", ""kernel"": ""linear"", ""pesos_clase"": ""balanced""}",2,train,ap,0.052710561064297556
hacia_adelante,sin_macro_ni_month,svm,"{""C"": 0.001, ""implementacion"": ""liblinear"", ""kernel"": ""linear"", ""pesos_clase"": ""balanced""}",2,train,recall_q,0.3126491646778043
hacia_adelante,sin_macro_ni_month,svm,"{""C"": 0.001, ""implementacion"": ""liblinear"", ""kernel"": ""linear"", ""pesos_clase"": ""balanced""}",2,train,precision_q,0.05965391621129326
hacia_adelante,sin_macro_ni_month,svm,"{""C"": 0.001, ""implementacion"": ""liblinear"", ""kernel"": ""linear"", ""pesos_clase"": ""balanced""}",2,train,f1_q,0.10019120458891013
hacia_adelante,sin_macro_ni_month,svm,"{""C"": 0.001, ""implementacion"": ""liblinear"", ""kernel"": ""linear"", ""pesos_clase"": ""balanced""}",2,validacion,auc,0.5469737447130312
hacia_adelante,sin_macro_ni_month,svm,"{""C"": 0.001, ""implementacion"": ""liblinear"", ""kernel"": ""linear"", ""pesos_clase"": ""balanced""}",2,validacion,ap,0.07845080346098904
hacia_adelante,sin_macro_ni_month,svm,"{""C"": 0.001, ""implementacion"": ""liblinear"", ""kernel"": ""linear"", ""pesos_clase"": ""balanced""}",2,validacion,recall_q,0.24233983286908078
hacia_adelante,sin_macro_ni_month,svm,"{""C"": 0.001, ""implementacion"": ""liblinear"", ""kernel"": ""linear"", ""pesos_clase"": ""balanced""}",2,validacion,precision_q,0.07923497267759563
hacia_adelante,sin_macro_ni_month,svm,"{""C"": 0.001, ""implementacion"": ""liblinear"", ""kernel"": ""linear"", ""pesos_clase"": ""balanced""}",2,validacion,f1_q,0.11942347288949899
hacia_adelante,sin_macro_ni_month,svm,"{""C"": 0.001, ""implementacion"": ""liblinear"", ""kernel"": ""linear"", ""pesos_clase"": ""balanced""}",3,train,auc,0.6138993835052262
hacia_adelante,sin_macro_ni_month,svm,"{""C"": 0.001, ""implementacion"": ""liblinear"", ""kernel"": ""linear"", ""pesos_clase"": ""balanced""}",3,train,ap,0.06793508887356141
hacia_adelante,sin_macro_ni_month,svm,"{""C"": 0.001, ""implementacion"": ""liblinear"", ""kernel"": ""linear"", ""pesos_clase"": ""balanced""}",3,train,recall_q,0.31748071979434445
hacia_adelante,sin_macro_ni_month,svm,"{""C"": 0.001, ""implementacion"": ""liblinear"", ""kernel"": ""linear"", ""pesos_clase"": ""balanced""}",3,train,precision_q,0.07498482088646023
hacia_adelante,sin_macro_ni_month,svm,"{""C"": 0.001, ""implementacion"": ""liblinear"", ""kernel"": ""linear"", ""pesos_clase"": ""balanced""}",3,train,f1_q,0.12131630648330058
hacia_adelante,sin_macro_ni_month,svm,"{""C"": 0.001, ""implementacion"": ""liblinear"", ""kernel"": ""linear"", ""pesos_clase"": ""balanced""}",3,validacion,auc,0.44898140583393853
hacia_adelante,sin_macro_ni_month,svm,"{""C"": 0.001, ""implementacion"": ""liblinear"", ""kernel"": ""linear"", ""pesos_clase"": ""balanced""}",3,validacion,ap,0.054781993615299826
hacia_adelante,sin_macro_ni_month,svm,"{""C"": 0.001, ""implementacion"": ""liblinear"", ""kernel"": ""linear"", ""pesos_clase"": ""balanced""}",3,validacion,recall_q,0.21241830065359477
hacia_adelante,sin_macro_ni_month,svm,"{""C"": 0.001, ""implementacion"": ""liblinear"", ""kernel"": ""linear"", ""pesos_clase"": ""balanced""}",3,validacion,precision_q,0.05919854280510018
hacia_adelante,sin_macro_ni_month,svm,"{""C"": 0.001, ""implementacion"": ""liblinear"", ""kernel"": ""linear"", ""pesos_clase"": ""balanced""}",3,validacion,f1_q,0.09259259259259259
hacia_adelante,sin_macro_ni_month,svm,"{""C"": 0.001, ""implementacion"": ""liblinear"", ""kernel"": ""linear"", ""pesos_clase"": ""balanced""}",4,train,auc,0.5784400190476325
hacia_adelante,sin_macro_ni_month,svm,"{""C"": 0.001, ""implementacion"": ""liblinear"", ""kernel"": ""linear"", ""pesos_clase"": ""balanced""}",4,train,ap,0.06387460608970712
hacia_adelante,sin_macro_ni_month,svm,"{""C"": 0.001, ""implementacion"": ""liblinear"", ""kernel"": ""linear"", ""pesos_clase"": ""balanced""}",4,train,recall_q,0.27121771217712176
hacia_adelante,sin_macro_ni_month,svm,"{""C"": 0.001, ""implementacion"": ""liblinear"", ""kernel"": ""linear"", ""pesos_clase"": ""balanced""}",4,train,precision_q,0.06693989071038252
hacia_adelante,sin_macro_ni_month,svm,"{""C"": 0.001, ""implementacion"": ""liblinear"", ""kernel"": ""linear"", ""pesos_clase"": ""balanced""}",4,train,f1_q,0.10737764791818846
hacia_adelante,sin_macro_ni_month,svm,"{""C"": 0.001, ""implementacion"": ""liblinear"", ""kernel"": ""linear"", ""pesos_clase"": ""balanced""}",4,validacion,auc,0.6115097176067785
hacia_adelante,sin_macro_ni_month,svm,"{""C"": 0.001, ""implementacion"": ""liblinear"", ""kernel"": ""linear"", ""pesos_clase"": ""balanced""}",4,validacion,ap,0.1946447856854922
hacia_adelante,sin_macro_ni_month,svm,"{""C"": 0.001, ""implementacion"": ""liblinear"", ""kernel"": ""linear"", ""pesos_clase"": ""balanced""}",4,validacion,recall_q,0.3146551724137931
hacia_adelante,sin_macro_ni_month,svm,"{""C"": 0.001, ""implementacion"": ""liblinear"", ""kernel"": ""linear"", ""pesos_clase"": ""balanced""}",4,validacion,precision_q,0.1994535519125683
hacia_adelante,sin_macro_ni_month,svm,"{""C"": 0.001, ""implementacion"": ""liblinear"", ""kernel"": ""linear"", ""pesos_clase"": ""balanced""}",4,validacion,f1_q,0.24414715719063546
hacia_adelante,sin_macro_ni_month,svm,"{""C"": 0.001, ""implementacion"": ""liblinear"", ""kernel"": ""linear"", ""pesos_clase"": ""balanced""}",5,train,auc,0.6328081024060789
hacia_adelante,sin_macro_ni_month,svm,"{""C"": 0.001, ""implementacion"": ""liblinear"", ""kernel"": ""linear"", ""pesos_clase"": ""balanced""}",5,train,ap,0.12164475900334454
hacia_adelante,sin_macro_ni_month,svm,"{""C"": 0.001, ""implementacion"": ""liblinear"", ""kernel"": ""linear"", ""pesos_clase"": ""balanced""}",5,train,recall_q,0.3455056179775281
hacia_adelante,sin_macro_ni_month,svm,"{""C"": 0.001, ""implementacion"": ""liblinear"", ""kernel"": ""linear"", ""pesos_clase"": ""balanced""}",5,train,precision_q,0.11202185792349727
hacia_adelante,sin_macro_ni_month,svm,"{""C"": 0.001, ""implementacion"": ""liblinear"", ""kernel"": ""linear"", ""pesos_clase"": ""balanced""}",5,train,f1_q,0.16918844566712518
hacia_adelante,sin_macro_ni_month,svm,"{""C"": 0.001, ""implementacion"": ""liblinear"", ""kernel"": ""linear"", ""pesos_clase"": ""balanced""}",5,validacion,auc,0.6443612585884845
hacia_adelante,sin_macro_ni_month,svm,"{""C"": 0.001, ""implementacion"": ""liblinear"", ""kernel"": ""linear"", ""pesos_clase"": ""balanced""}",5,validacion,ap,0.5172575482391856
hacia_adelante,sin_macro_ni_month,svm,"{""C"": 0.001, ""implementacion"": ""liblinear"", ""kernel"": ""linear"", ""pesos_clase"": ""balanced""}",5,validacion,recall_q,0.33816675297773174
hacia_adelante,sin_macro_ni_month,svm,"{""C"": 0.001, ""implementacion"": ""liblinear"", ""kernel"": ""linear"", ""pesos_clase"": ""balanced""}",5,validacion,precision_q,0.5947176684881603
hacia_adelante,sin_macro_ni_month,svm,"{""C"": 0.001, ""implementacion"": ""liblinear"", ""kernel"": ""linear"", ""pesos_clase"": ""balanced""}",5,validacion,f1_q,0.4311654011224827
barajado,todas,svm,"{""C"": 0.001, ""implementacion"": ""liblinear"", ""kernel"": ""linear"", ""pesos_clase"": ""balanced""}",1,train,auc,0.7815016888869197
barajado,todas,svm,"{""C"": 0.001, ""implementacion"": ""liblinear"", ""kernel"": ""linear"", ""pesos_clase"": ""balanced""}",1,train,ap,0.41138976911371544
barajado,todas,svm,"{""C"": 0.001, ""implementacion"": ""liblinear"", ""kernel"": ""linear"", ""pesos_clase"": ""balanced""}",1,train,recall_q,0.6200740990232402
barajado,todas,svm,"{""C"": 0.001, ""implementacion"": ""liblinear"", ""kernel"": ""linear"", ""pesos_clase"": ""balanced""}",1,train,precision_q,0.34933586337760913
barajado,todas,svm,"{""C"": 0.001, ""implementacion"": ""liblinear"", ""kernel"": ""linear"", ""pesos_clase"": ""balanced""}",1,train,f1_q,0.4468988954970263
barajado,todas,svm,"{""C"": 0.001, ""implementacion"": ""liblinear"", ""kernel"": ""linear"", ""pesos_clase"": ""balanced""}",1,validacion,auc,0.7624356460933963
barajado,todas,svm,"{""C"": 0.001, ""implementacion"": ""liblinear"", ""kernel"": ""linear"", ""pesos_clase"": ""balanced""}",1,validacion,ap,0.4045406510405741
barajado,todas,svm,"{""C"": 0.001, ""implementacion"": ""liblinear"", ""kernel"": ""linear"", ""pesos_clase"": ""balanced""}",1,validacion,recall_q,0.5862533692722371
barajado,todas,svm,"{""C"": 0.001, ""implementacion"": ""liblinear"", ""kernel"": ""linear"", ""pesos_clase"": ""balanced""}",1,validacion,precision_q,0.3300455235204856
barajado,todas,svm,"{""C"": 0.001, ""implementacion"": ""liblinear"", ""kernel"": ""linear"", ""pesos_clase"": ""balanced""}",1,validacion,f1_q,0.4223300970873787
barajado,todas,svm,"{""C"": 0.001, ""implementacion"": ""liblinear"", ""kernel"": ""linear"", ""pesos_clase"": ""balanced""}",2,train,auc,0.7728922828226561
barajado,todas,svm,"{""C"": 0.001, ""implementacion"": ""liblinear"", ""kernel"": ""linear"", ""pesos_clase"": ""balanced""}",2,train,ap,0.40359354240213574
barajado,todas,svm,"{""C"": 0.001, ""implementacion"": ""liblinear"", ""kernel"": ""linear"", ""pesos_clase"": ""balanced""}",2,train,recall_q,0.6079488043112159
barajado,todas,svm,"{""C"": 0.001, ""implementacion"": ""liblinear"", ""kernel"": ""linear"", ""pesos_clase"": ""balanced""}",2,train,precision_q,0.3425047438330171
barajado,todas,svm,"{""C"": 0.001, ""implementacion"": ""liblinear"", ""kernel"": ""linear"", ""pesos_clase"": ""balanced""}",2,train,f1_q,0.43815997087025127
barajado,todas,svm,"{""C"": 0.001, ""implementacion"": ""liblinear"", ""kernel"": ""linear"", ""pesos_clase"": ""balanced""}",2,validacion,auc,0.787431657834094
barajado,todas,svm,"{""C"": 0.001, ""implementacion"": ""liblinear"", ""kernel"": ""linear"", ""pesos_clase"": ""balanced""}",2,validacion,ap,0.4029037718952896
barajado,todas,svm,"{""C"": 0.001, ""implementacion"": ""liblinear"", ""kernel"": ""linear"", ""pesos_clase"": ""balanced""}",2,validacion,recall_q,0.6361185983827493
barajado,todas,svm,"{""C"": 0.001, ""implementacion"": ""liblinear"", ""kernel"": ""linear"", ""pesos_clase"": ""balanced""}",2,validacion,precision_q,0.3581183611532625
barajado,todas,svm,"{""C"": 0.001, ""implementacion"": ""liblinear"", ""kernel"": ""linear"", ""pesos_clase"": ""balanced""}",2,validacion,f1_q,0.45825242718446596
barajado,todas,svm,"{""C"": 0.001, ""implementacion"": ""liblinear"", ""kernel"": ""linear"", ""pesos_clase"": ""balanced""}",3,train,auc,0.7752087901659893
barajado,todas,svm,"{""C"": 0.001, ""implementacion"": ""liblinear"", ""kernel"": ""linear"", ""pesos_clase"": ""balanced""}",3,train,ap,0.39994959143912
barajado,todas,svm,"{""C"": 0.001, ""implementacion"": ""liblinear"", ""kernel"": ""linear"", ""pesos_clase"": ""balanced""}",3,train,recall_q,0.613001010441226
barajado,todas,svm,"{""C"": 0.001, ""implementacion"": ""liblinear"", ""kernel"": ""linear"", ""pesos_clase"": ""balanced""}",3,train,precision_q,0.34535104364326374
barajado,todas,svm,"{""C"": 0.001, ""implementacion"": ""liblinear"", ""kernel"": ""linear"", ""pesos_clase"": ""balanced""}",3,train,f1_q,0.4418011894647409
barajado,todas,svm,"{""C"": 0.001, ""implementacion"": ""liblinear"", ""kernel"": ""linear"", ""pesos_clase"": ""balanced""}",3,validacion,auc,0.7761989445175497
barajado,todas,svm,"{""C"": 0.001, ""implementacion"": ""liblinear"", ""kernel"": ""linear"", ""pesos_clase"": ""balanced""}",3,validacion,ap,0.40318651921315574
barajado,todas,svm,"{""C"": 0.001, ""implementacion"": ""liblinear"", ""kernel"": ""linear"", ""pesos_clase"": ""balanced""}",3,validacion,recall_q,0.6132075471698113
barajado,todas,svm,"{""C"": 0.001, ""implementacion"": ""liblinear"", ""kernel"": ""linear"", ""pesos_clase"": ""balanced""}",3,validacion,precision_q,0.34522003034901366
barajado,todas,svm,"{""C"": 0.001, ""implementacion"": ""liblinear"", ""kernel"": ""linear"", ""pesos_clase"": ""balanced""}",3,validacion,f1_q,0.441747572815534
barajado,todas,svm,"{""C"": 0.001, ""implementacion"": ""liblinear"", ""kernel"": ""linear"", ""pesos_clase"": ""balanced""}",4,train,auc,0.7754372626104467
barajado,todas,svm,"{""C"": 0.001, ""implementacion"": ""liblinear"", ""kernel"": ""linear"", ""pesos_clase"": ""balanced""}",4,train,ap,0.39702759786928776
barajado,todas,svm,"{""C"": 0.001, ""implementacion"": ""liblinear"", ""kernel"": ""linear"", ""pesos_clase"": ""balanced""}",4,train,recall_q,0.6113169417312226
barajado,todas,svm,"{""C"": 0.001, ""implementacion"": ""liblinear"", ""kernel"": ""linear"", ""pesos_clase"": ""balanced""}",4,train,precision_q,0.3444022770398482
barajado,todas,svm,"{""C"": 0.001, ""implementacion"": ""liblinear"", ""kernel"": ""linear"", ""pesos_clase"": ""balanced""}",4,train,f1_q,0.4405874499332444
barajado,todas,svm,"{""C"": 0.001, ""implementacion"": ""liblinear"", ""kernel"": ""linear"", ""pesos_clase"": ""balanced""}",4,validacion,auc,0.7703877279647521
barajado,todas,svm,"{""C"": 0.001, ""implementacion"": ""liblinear"", ""kernel"": ""linear"", ""pesos_clase"": ""balanced""}",4,validacion,ap,0.40875603001594135
barajado,todas,svm,"{""C"": 0.001, ""implementacion"": ""liblinear"", ""kernel"": ""linear"", ""pesos_clase"": ""balanced""}",4,validacion,recall_q,0.6145552560646901
barajado,todas,svm,"{""C"": 0.001, ""implementacion"": ""liblinear"", ""kernel"": ""linear"", ""pesos_clase"": ""balanced""}",4,validacion,precision_q,0.34597875569044007
barajado,todas,svm,"{""C"": 0.001, ""implementacion"": ""liblinear"", ""kernel"": ""linear"", ""pesos_clase"": ""balanced""}",4,validacion,f1_q,0.4427184466019417
barajado,todas,svm,"{""C"": 0.001, ""implementacion"": ""liblinear"", ""kernel"": ""linear"", ""pesos_clase"": ""balanced""}",5,train,auc,0.7757177454715967
barajado,todas,svm,"{""C"": 0.001, ""implementacion"": ""liblinear"", ""kernel"": ""linear"", ""pesos_clase"": ""balanced""}",5,train,ap,0.40927896701701033
barajado,todas,svm,"{""C"": 0.001, ""implementacion"": ""liblinear"", ""kernel"": ""linear"", ""pesos_clase"": ""balanced""}",5,train,recall_q,0.6118598382749326
barajado,todas,svm,"{""C"": 0.001, ""implementacion"": ""liblinear"", ""kernel"": ""linear"", ""pesos_clase"": ""balanced""}",5,train,precision_q,0.3445920303605313
barajado,todas,svm,"{""C"": 0.001, ""implementacion"": ""liblinear"", ""kernel"": ""linear"", ""pesos_clase"": ""balanced""}",5,train,f1_q,0.44088370963826173
barajado,todas,svm,"{""C"": 0.001, ""implementacion"": ""liblinear"", ""kernel"": ""linear"", ""pesos_clase"": ""balanced""}",5,validacion,auc,0.7739529592996282
barajado,todas,svm,"{""C"": 0.001, ""implementacion"": ""liblinear"", ""kernel"": ""linear"", ""pesos_clase"": ""balanced""}",5,validacion,ap,0.4044623185041806
barajado,todas,svm,"{""C"": 0.001, ""implementacion"": ""liblinear"", ""kernel"": ""linear"", ""pesos_clase"": ""balanced""}",5,validacion,recall_q,0.6177658142664872
barajado,todas,svm,"{""C"": 0.001, ""implementacion"": ""liblinear"", ""kernel"": ""linear"", ""pesos_clase"": ""balanced""}",5,validacion,precision_q,0.3482549317147193
barajado,todas,svm,"{""C"": 0.001, ""implementacion"": ""liblinear"", ""kernel"": ""linear"", ""pesos_clase"": ""balanced""}",5,validacion,f1_q,0.4454148471615721
barajado,sin_macro,svm,"{""C"": 0.001, ""implementacion"": ""liblinear"", ""kernel"": ""linear"", ""pesos_clase"": ""balanced""}",1,train,auc,0.76261641720032
barajado,sin_macro,svm,"{""C"": 0.001, ""implementacion"": ""liblinear"", ""kernel"": ""linear"", ""pesos_clase"": ""balanced""}",1,train,ap,0.3836287015036103
barajado,sin_macro,svm,"{""C"": 0.001, ""implementacion"": ""liblinear"", ""kernel"": ""linear"", ""pesos_clase"": ""balanced""}",1,train,recall_q,0.5463118895250926
barajado,sin_macro,svm,"{""C"": 0.001, ""implementacion"": ""liblinear"", ""kernel"": ""linear"", ""pesos_clase"": ""balanced""}",1,train,precision_q,0.3077798861480076
barajado,sin_macro,svm,"{""C"": 0.001, ""implementacion"": ""liblinear"", ""kernel"": ""linear"", ""pesos_clase"": ""balanced""}",1,train,f1_q,0.3937371040174779
barajado,sin_macro,svm,"{""C"": 0.001, ""implementacion"": ""liblinear"", ""kernel"": ""linear"", ""pesos_clase"": ""balanced""}",1,validacion,auc,0.7334476864868552
barajado,sin_macro,svm,"{""C"": 0.001, ""implementacion"": ""liblinear"", ""kernel"": ""linear"", ""pesos_clase"": ""balanced""}",1,validacion,ap,0.3538589392812682
barajado,sin_macro,svm,"{""C"": 0.001, ""implementacion"": ""liblinear"", ""kernel"": ""linear"", ""pesos_clase"": ""balanced""}",1,validacion,recall_q,0.5215633423180593
barajado,sin_macro,svm,"{""C"": 0.001, ""implementacion"": ""liblinear"", ""kernel"": ""linear"", ""pesos_clase"": ""balanced""}",1,validacion,precision_q,0.2936267071320182
barajado,sin_macro,svm,"{""C"": 0.001, ""implementacion"": ""liblinear"", ""kernel"": ""linear"", ""pesos_clase"": ""balanced""}",1,validacion,f1_q,0.37572815533980586
barajado,sin_macro,svm,"{""C"": 0.001, ""implementacion"": ""liblinear"", ""kernel"": ""linear"", ""pesos_clase"": ""balanced""}",2,train,auc,0.7542399993016837
barajado,sin_macro,svm,"{""C"": 0.001, ""implementacion"": ""liblinear"", ""kernel"": ""linear"", ""pesos_clase"": ""balanced""}",2,train,ap,0.37134656162543006
barajado,sin_macro,svm,"{""C"": 0.001, ""implementacion"": ""liblinear"", ""kernel"": ""linear"", ""pesos_clase"": ""balanced""}",2,train,recall_q,0.5318288986190637
barajado,sin_macro,svm,"{""C"": 0.001, ""implementacion"": ""liblinear"", ""kernel"": ""linear"", ""pesos_clase"": ""balanced""}",2,train,precision_q,0.2996204933586338
barajado,sin_macro,svm,"{""C"": 0.001, ""implementacion"": ""liblinear"", ""kernel"": ""linear"", ""pesos_clase"": ""balanced""}",2,train,f1_q,0.3832989440466076
barajado,sin_macro,svm,"{""C"": 0.001, ""implementacion"": ""liblinear"", ""kernel"": ""linear"", ""pesos_clase"": ""balanced""}",2,validacion,auc,0.7619193624686819
barajado,sin_macro,svm,"{""C"": 0.001, ""implementacion"": ""liblinear"", ""kernel"": ""linear"", ""pesos_clase"": ""balanced""}",2,validacion,ap,0.385445793956444
barajado,sin_macro,svm,"{""C"": 0.001, ""implementacion"": ""liblinear"", ""kernel"": ""linear"", ""pesos_clase"": ""balanced""}",2,validacion,recall_q,0.5525606469002695
barajado,sin_macro,svm,"{""C"": 0.001, ""implementacion"": ""liblinear"", ""kernel"": ""linear"", ""pesos_clase"": ""balanced""}",2,validacion,precision_q,0.3110773899848255
barajado,sin_macro,svm,"{""C"": 0.001, ""implementacion"": ""liblinear"", ""kernel"": ""linear"", ""pesos_clase"": ""balanced""}",2,validacion,f1_q,0.39805825242718446
barajado,sin_macro,svm,"{""C"": 0.001, ""implementacion"": ""liblinear"", ""kernel"": ""linear"", ""pesos_clase"": ""balanced""}",3,train,auc,0.7560681101542694
barajado,sin_macro,svm,"{""C"": 0.001, ""implementacion"": ""liblinear"", ""kernel"": ""linear"", ""pesos_clase"": ""balanced""}",3,train,ap,0.3747604469615865
barajado,sin_macro,svm,"{""C"": 0.001, ""implementacion"": ""liblinear"", ""kernel"": ""linear"", ""pesos_clase"": ""balanced""}",3,train,recall_q,0.5345234085550691
barajado,sin_macro,svm,"{""C"": 0.001, ""implementacion"": ""liblinear"", ""kernel"": ""linear"", ""pesos_clase"": ""balanced""}",3,train,precision_q,0.3011385199240987
barajado,sin_macro,svm,"{""C"": 0.001, ""implementacion"": ""liblinear"", ""kernel"": ""linear"", ""pesos_clase"": ""balanced""}",3,train,f1_q,0.38524092729700204
barajado,sin_macro,svm,"{""C"": 0.001, ""implementacion"": ""liblinear"", ""kernel"": ""linear"", ""pesos_clase"": ""balanced""}",3,validacion,auc,0.7606914166204828
barajado,sin_macro,svm,"{""C"": 0.001, ""implementacion"": ""liblinear"", ""kernel"": ""linear"", ""pesos_clase"": ""balanced""}",3,validacion,ap,0.38492083579983116
barajado,sin_macro,svm,"{""C"": 0.001, ""implementacion"": ""liblinear"", ""kernel"": ""linear"", ""pesos_clase"": ""balanced""}",3,validacion,recall_q,0.5498652291105122
barajado,sin_macro,svm,"{""C"": 0.001, ""implementacion"": ""liblinear"", ""kernel"": ""linear"", ""pesos_clase"": ""balanced""}",3,validacion,precision_q,0.3095599393019727
barajado,sin_macro,svm,"{""C"": 0.001, ""implementacion"": ""liblinear"", ""kernel"": ""linear"", ""pesos_clase"": ""balanced""}",3,validacion,f1_q,0.39611650485436894
barajado,sin_macro,svm,"{""C"": 0.001, ""implementacion"": ""liblinear"", ""kernel"": ""linear"", ""pesos_clase"": ""balanced""}",4,train,auc,0.7564303185260075
barajado,sin_macro,svm,"{""C"": 0.001, ""implementacion"": ""liblinear"", ""kernel"": ""linear"", ""pesos_clase"": ""balanced""}",4,train,ap,0.3760564838805721
barajado,sin_macro,svm,"{""C"": 0.001, ""implementacion"": ""liblinear"", ""kernel"": ""linear"", ""pesos_clase"": ""balanced""}",4,train,recall_q,0.5405860559110812
barajado,sin_macro,svm,"{""C"": 0.001, ""implementacion"": ""liblinear"", ""kernel"": ""linear"", ""pesos_clase"": ""balanced""}",4,train,precision_q,0.3045540796963947
barajado,sin_macro,svm,"{""C"": 0.001, ""implementacion"": ""liblinear"", ""kernel"": ""linear"", ""pesos_clase"": ""balanced""}",4,train,f1_q,0.38961038961038963
barajado,sin_macro,svm,"{""C"": 0.001, ""implementacion"": ""liblinear"", ""kernel"": ""linear"", ""pesos_clase"": ""balanced""}",4,validacion,auc,0.7579412467160257
barajado,sin_macro,svm,"{""C"": 0.001, ""implementacion"": ""liblinear"", ""kernel"": ""linear"", ""pesos_clase"": ""balanced""}",4,validacion,ap,0.37259396988542715
barajado,sin_macro,svm,"{""C"": 0.001, ""implementacion"": ""liblinear"", ""kernel"": ""linear"", ""pesos_clase"": ""balanced""}",4,validacion,recall_q,0.5283018867924528
barajado,sin_macro,svm,"{""C"": 0.001, ""implementacion"": ""liblinear"", ""kernel"": ""linear"", ""pesos_clase"": ""balanced""}",4,validacion,precision_q,0.29742033383915023
barajado,sin_macro,svm,"{""C"": 0.001, ""implementacion"": ""liblinear"", ""kernel"": ""linear"", ""pesos_clase"": ""balanced""}",4,validacion,f1_q,0.38058252427184464
barajado,sin_macro,svm,"{""C"": 0.001, ""implementacion"": ""liblinear"", ""kernel"": ""linear"", ""pesos_clase"": ""balanced""}",5,train,auc,0.757158046532151
barajado,sin_macro,svm,"{""C"": 0.001, ""implementacion"": ""liblinear"", ""kernel"": ""linear"", ""pesos_clase"": ""balanced""}",5,train,ap,0.37793955938013546
barajado,sin_macro,svm,"{""C"": 0.001, ""implementacion"": ""liblinear"", ""kernel"": ""linear"", ""pesos_clase"": ""balanced""}",5,train,recall_q,0.5404312668463612
barajado,sin_macro,svm,"{""C"": 0.001, ""implementacion"": ""liblinear"", ""kernel"": ""linear"", ""pesos_clase"": ""balanced""}",5,train,precision_q,0.3043643263757116
barajado,sin_macro,svm,"{""C"": 0.001, ""implementacion"": ""liblinear"", ""kernel"": ""linear"", ""pesos_clase"": ""balanced""}",5,train,f1_q,0.3894149065307114
barajado,sin_macro,svm,"{""C"": 0.001, ""implementacion"": ""liblinear"", ""kernel"": ""linear"", ""pesos_clase"": ""balanced""}",5,validacion,auc,0.7549990962124972
barajado,sin_macro,svm,"{""C"": 0.001, ""implementacion"": ""liblinear"", ""kernel"": ""linear"", ""pesos_clase"": ""balanced""}",5,validacion,ap,0.3746502455310596
barajado,sin_macro,svm,"{""C"": 0.001, ""implementacion"": ""liblinear"", ""kernel"": ""linear"", ""pesos_clase"": ""balanced""}",5,validacion,recall_q,0.5423956931359354
barajado,sin_macro,svm,"{""C"": 0.001, ""implementacion"": ""liblinear"", ""kernel"": ""linear"", ""pesos_clase"": ""balanced""}",5,validacion,precision_q,0.30576631259484066
barajado,sin_macro,svm,"{""C"": 0.001, ""implementacion"": ""liblinear"", ""kernel"": ""linear"", ""pesos_clase"": ""balanced""}",5,validacion,f1_q,0.39107229500242596
barajado,sin_macro_ni_month,svm,"{""C"": 0.001, ""implementacion"": ""liblinear"", ""kernel"": ""linear"", ""pesos_clase"": ""balanced""}",1,train,auc,0.7328724493719597
barajado,sin_macro_ni_month,svm,"{""C"": 0.001, ""implementacion"": ""liblinear"", ""kernel"": ""linear"", ""pesos_clase"": ""balanced""}",1,train,ap,0.34845390857762365
barajado,sin_macro_ni_month,svm,"{""C"": 0.001, ""implementacion"": ""liblinear"", ""kernel"": ""linear"", ""pesos_clase"": ""balanced""}",1,train,recall_q,0.4772650724149545
barajado,sin_macro_ni_month,svm,"{""C"": 0.001, ""implementacion"": ""liblinear"", ""kernel"": ""linear"", ""pesos_clase"": ""balanced""}",1,train,precision_q,0.2688804554079696
barajado,sin_macro_ni_month,svm,"{""C"": 0.001, ""implementacion"": ""liblinear"", ""kernel"": ""linear"", ""pesos_clase"": ""balanced""}",1,train,f1_q,0.34397378322611966
barajado,sin_macro_ni_month,svm,"{""C"": 0.001, ""implementacion"": ""liblinear"", ""kernel"": ""linear"", ""pesos_clase"": ""balanced""}",1,validacion,auc,0.7116619929493109
barajado,sin_macro_ni_month,svm,"{""C"": 0.001, ""implementacion"": ""liblinear"", ""kernel"": ""linear"", ""pesos_clase"": ""balanced""}",1,validacion,ap,0.3246542573603594
barajado,sin_macro_ni_month,svm,"{""C"": 0.001, ""implementacion"": ""liblinear"", ""kernel"": ""linear"", ""pesos_clase"": ""balanced""}",1,validacion,recall_q,0.4474393530997305
barajado,sin_macro_ni_month,svm,"{""C"": 0.001, ""implementacion"": ""liblinear"", ""kernel"": ""linear"", ""pesos_clase"": ""balanced""}",1,validacion,precision_q,0.251896813353566
barajado,sin_macro_ni_month,svm,"{""C"": 0.001, ""implementacion"": ""liblinear"", ""kernel"": ""linear"", ""pesos_clase"": ""balanced""}",1,validacion,f1_q,0.3223300970873787
barajado,sin_macro_ni_month,svm,"{""C"": 0.001, ""implementacion"": ""liblinear"", ""kernel"": ""linear"", ""pesos_clase"": ""balanced""}",2,train,auc,0.72693063896936
barajado,sin_macro_ni_month,svm,"{""C"": 0.001, ""implementacion"": ""liblinear"", ""kernel"": ""linear"", ""pesos_clase"": ""balanced""}",2,train,ap,0.33902499300354694
barajado,sin_macro_ni_month,svm,"{""C"": 0.001, ""implementacion"": ""liblinear"", ""kernel"": ""linear"", ""pesos_clase"": ""balanced""}",2,train,recall_q,0.46446615021892895
barajado,sin_macro_ni_month,svm,"{""C"": 0.001, ""implementacion"": ""liblinear"", ""kernel"": ""linear"", ""pesos_clase"": ""balanced""}",2,train,precision_q,0.2616698292220114
barajado,sin_macro_ni_month,svm,"{""C"": 0.001, ""implementacion"": ""liblinear"", ""kernel"": ""linear"", ""pesos_clase"": ""balanced""}",2,train,f1_q,0.33474936278674594
barajado,sin_macro_ni_month,svm,"{""C"": 0.001, ""implementacion"": ""liblinear"", ""kernel"": ""linear"", ""pesos_clase"": ""balanced""}",2,validacion,auc,0.7328424162673028
barajado,sin_macro_ni_month,svm,"{""C"": 0.001, ""implementacion"": ""liblinear"", ""kernel"": ""linear"", ""pesos_clase"": ""balanced""}",2,validacion,ap,0.3518519996507007
barajado,sin_macro_ni_month,svm,"{""C"": 0.001, ""implementacion"": ""liblinear"", ""kernel"": ""linear"", ""pesos_clase"": ""balanced""}",2,validacion,recall_q,0.48247978436657685
barajado,sin_macro_ni_month,svm,"{""C"": 0.001, ""implementacion"": ""liblinear"", ""kernel"": ""linear"", ""pesos_clase"": ""balanced""}",2,validacion,precision_q,0.2716236722306525
barajado,sin_macro_ni_month,svm,"{""C"": 0.001, ""implementacion"": ""liblinear"", ""kernel"": ""linear"", ""pesos_clase"": ""balanced""}",2,validacion,f1_q,0.3475728155339806
barajado,sin_macro_ni_month,svm,"{""C"": 0.001, ""implementacion"": ""liblinear"", ""kernel"": ""linear"", ""pesos_clase"": ""balanced""}",3,train,auc,0.7273872525613466
barajado,sin_macro_ni_month,svm,"{""C"": 0.001, ""implementacion"": ""liblinear"", ""kernel"": ""linear"", ""pesos_clase"": ""balanced""}",3,train,ap,0.3396473535964222
barajado,sin_macro_ni_month,svm,"{""C"": 0.001, ""implementacion"": ""liblinear"", ""kernel"": ""linear"", ""pesos_clase"": ""balanced""}",3,train,recall_q,0.46884472886493767
barajado,sin_macro_ni_month,svm,"{""C"": 0.001, ""implementacion"": ""liblinear"", ""kernel"": ""linear"", ""pesos_clase"": ""balanced""}",3,train,precision_q,0.26413662239089186
barajado,sin_macro_ni_month,svm,"{""C"": 0.001, ""implementacion"": ""liblinear"", ""kernel"": ""linear"", ""pesos_clase"": ""balanced""}",3,train,f1_q,0.33790508556863696
barajado,sin_macro_ni_month,svm,"{""C"": 0.001, ""implementacion"": ""liblinear"", ""kernel"": ""linear"", ""pesos_clase"": ""balanced""}",3,validacion,auc,0.73104308887686
barajado,sin_macro_ni_month,svm,"{""C"": 0.001, ""implementacion"": ""liblinear"", ""kernel"": ""linear"", ""pesos_clase"": ""balanced""}",3,validacion,ap,0.3499534103336616
barajado,sin_macro_ni_month,svm,"{""C"": 0.001, ""implementacion"": ""liblinear"", ""kernel"": ""linear"", ""pesos_clase"": ""balanced""}",3,validacion,recall_q,0.4636118598382749
barajado,sin_macro_ni_month,svm,"{""C"": 0.001, ""implementacion"": ""liblinear"", ""kernel"": ""linear"", ""pesos_clase"": ""balanced""}",3,validacion,precision_q,0.26100151745068284
barajado,sin_macro_ni_month,svm,"{""C"": 0.001, ""implementacion"": ""liblinear"", ""kernel"": ""linear"", ""pesos_clase"": ""balanced""}",3,validacion,f1_q,0.33398058252427176
barajado,sin_macro_ni_month,svm,"{""C"": 0.001, ""implementacion"": ""liblinear"", ""kernel"": ""linear"", ""pesos_clase"": ""balanced""}",4,train,auc,0.7284946125429852
barajado,sin_macro_ni_month,svm,"{""C"": 0.001, ""implementacion"": ""liblinear"", ""kernel"": ""linear"", ""pesos_clase"": ""balanced""}",4,train,ap,0.34160297646274046
barajado,sin_macro_ni_month,svm,"{""C"": 0.001, ""implementacion"": ""liblinear"", ""kernel"": ""linear"", ""pesos_clase"": ""balanced""}",4,train,recall_q,0.47019198383294036
barajado,sin_macro_ni_month,svm,"{""C"": 0.001, ""implementacion"": ""liblinear"", ""kernel"": ""linear"", ""pesos_clase"": ""balanced""}",4,train,precision_q,0.2648956356736243
barajado,sin_macro_ni_month,svm,"{""C"": 0.001, ""implementacion"": ""liblinear"", ""kernel"": ""linear"", ""pesos_clase"": ""balanced""}",4,train,f1_q,0.3388760771938342
barajado,sin_macro_ni_month,svm,"{""C"": 0.001, ""implementacion"": ""liblinear"", ""kernel"": ""linear"", ""pesos_clase"": ""balanced""}",4,validacion,auc,0.7293400099406786
barajado,sin_macro_ni_month,svm,"{""C"": 0.001, ""implementacion"": ""liblinear"", ""kernel"": ""linear"", ""pesos_clase"": ""balanced""}",4,validacion,ap,0.340596328338944
barajado,sin_macro_ni_month,svm,"{""C"": 0.001, ""implementacion"": ""liblinear"", ""kernel"": ""linear"", ""pesos_clase"": ""balanced""}",4,validacion,recall_q,0.46900269541778977
barajado,sin_macro_ni_month,svm,"{""C"": 0.001, ""implementacion"": ""liblinear"", ""kernel"": ""linear"", ""pesos_clase"": ""balanced""}",4,validacion,precision_q,0.26403641881638845
barajado,sin_macro_ni_month,svm,"{""C"": 0.001, ""implementacion"": ""liblinear"", ""kernel"": ""linear"", ""pesos_clase"": ""balanced""}",4,validacion,f1_q,0.3378640776699029
barajado,sin_macro_ni_month,svm,"{""C"": 0.001, ""implementacion"": ""liblinear"", ""kernel"": ""linear"", ""pesos_clase"": ""balanced""}",5,train,auc,0.7293782283575841
barajado,sin_macro_ni_month,svm,"{""C"": 0.001, ""implementacion"": ""liblinear"", ""kernel"": ""linear"", ""pesos_clase"": ""balanced""}",5,train,ap,0.3455998180453075
barajado,sin_macro_ni_month,svm,"{""C"": 0.001, ""implementacion"": ""liblinear"", ""kernel"": ""linear"", ""pesos_clase"": ""balanced""}",5,train,recall_q,0.4705188679245283
barajado,sin_macro_ni_month,svm,"{""C"": 0.001, ""implementacion"": ""liblinear"", ""kernel"": ""linear"", ""pesos_clase"": ""balanced""}",5,train,precision_q,0.26499051233396587
barajado,sin_macro_ni_month,svm,"{""C"": 0.001, ""implementacion"": ""liblinear"", ""kernel"": ""linear"", ""pesos_clase"": ""balanced""}",5,train,f1_q,0.3390386016023307
barajado,sin_macro_ni_month,svm,"{""C"": 0.001, ""implementacion"": ""liblinear"", ""kernel"": ""linear"", ""pesos_clase"": ""balanced""}",5,validacion,auc,0.7231322396545113
barajado,sin_macro_ni_month,svm,"{""C"": 0.001, ""implementacion"": ""liblinear"", ""kernel"": ""linear"", ""pesos_clase"": ""balanced""}",5,validacion,ap,0.3375474897104568
barajado,sin_macro_ni_month,svm,"{""C"": 0.001, ""implementacion"": ""liblinear"", ""kernel"": ""linear"", ""pesos_clase"": ""balanced""}",5,validacion,recall_q,0.4576043068640646
barajado,sin_macro_ni_month,svm,"{""C"": 0.001, ""implementacion"": ""liblinear"", ""kernel"": ""linear"", ""pesos_clase"": ""balanced""}",5,validacion,precision_q,0.25796661608497723
barajado,sin_macro_ni_month,svm,"{""C"": 0.001, ""implementacion"": ""liblinear"", ""kernel"": ""linear"", ""pesos_clase"": ""balanced""}",5,validacion,f1_q,0.3299369238233867
