modelo,q,fold,metrica,valor
nb_categorico,0.1,1,recall_q,0.4029649595687331
nb_categorico,0.1,1,precision_q,0.4537177541729894
nb_categorico,0.1,1,f1_q,0.42683797287651676
nb_categorico,0.2,1,recall_q,0.5862533692722371
nb_categorico,0.2,1,precision_q,0.3300455235204856
nb_categorico,0.2,1,f1_q,0.4223300970873787
nb_categorico,0.3,1,recall_q,0.6778975741239892
nb_categorico,0.3,1,precision_q,0.25455465587044535
nb_categorico,0.3,1,f1_q,0.37012509197939664
nb_categorico,0.1,2,recall_q,0.41509433962264153
nb_categorico,0.1,2,precision_q,0.4673748103186646
nb_categorico,0.1,2,f1_q,0.4396859386152748
nb_categorico,0.2,2,recall_q,0.633423180592992
nb_categorico,0.2,2,precision_q,0.3566009104704097
nb_categorico,0.2,2,f1_q,0.45631067961165045
nb_categorico,0.3,2,recall_q,0.7250673854447439
nb_categorico,0.3,2,precision_q,0.2722672064777328
nb_categorico,0.3,2,f1_q,0.3958793230316409
nb_categorico,0.1,3,recall_q,0.41509433962264153
nb_categorico,0.1,3,precision_q,0.4673748103186646
nb_categorico,0.1,3,f1_q,0.4396859386152748
nb_categorico,0.2,3,recall_q,0.6172506738544474
nb_categorico,0.2,3,precision_q,0.34749620637329287
nb_categorico,0.2,3,f1_q,0.4446601941747573
nb_categorico,0.3,3,recall_q,0.6967654986522911
nb_categorico,0.3,3,precision_q,0.2616396761133603
nb_categorico,0.3,3,f1_q,0.38042678440029426
nb_categorico,0.1,4,recall_q,0.41778975741239893
nb_categorico,0.1,4,precision_q,0.47040971168437024
nb_categorico,0.1,4,f1_q,0.44254104211277656
nb_categorico,0.2,4,recall_q,0.6172506738544474
nb_categorico,0.2,4,precision_q,0.34749620637329287
nb_categorico,0.2,4,f1_q,0.4446601941747573
nb_categorico,0.3,4,recall_q,0.6913746630727763
nb_categorico,0.3,4,precision_q,0.25961538461538464
nb_categorico,0.3,4,f1_q,0.3774834437086093
nb_categorico,0.1,5,recall_q,0.40511440107671604
nb_categorico,0.1,5,precision_q,0.456752655538695
nb_categorico,0.1,5,f1_q,0.42938659058487877
nb_categorico,0.2,5,recall_q,0.6177658142664872
nb_categorico,0.2,5,precision_q,0.3482549317147193
nb_categorico,0.2,5,f1_q,0.4454148471615721
nb_categorico,0.3,5,recall_q,0.6917900403768507
nb_categorico,0.3,5,precision_q,0.2601214574898785
nb_categorico,0.3,5,f1_q,0.378080176535491
svm,0.1,1,recall_q,0.39622641509433965
svm,0.1,1,precision_q,0.44613050075872535
svm,0.1,1,f1_q,0.4197002141327623
svm,0.2,1,recall_q,0.5862533692722371
svm,0.2,1,precision_q,0.3300455235204856
svm,0.2,1,f1_q,0.4223300970873787
svm,0.3,1,recall_q,0.6900269541778976
svm,0.3,1,precision_q,0.2591093117408907
svm,0.3,1,f1_q,0.376747608535688
svm,0.1,2,recall_q,0.42452830188679247
svm,0.1,2,precision_q,0.4779969650986343
svm,0.1,2,f1_q,0.44967880085653106
svm,0.2,2,recall_q,0.6361185983827493
svm,0.2,2,precision_q,0.3581183611532625
svm,0.2,2,f1_q,0.45825242718446596
svm,0.3,2,recall_q,0.7129380053908356
svm,0.3,2,precision_q,0.26771255060728744
svm,0.3,2,f1_q,0.3892568064753495
svm,0.1,3,recall_q,0.4137466307277628
svm,0.1,3,precision_q,0.4658573596358118
svm,0.1,3,f1_q,0.4382583868665239
svm,0.2,3,recall_q,0.6132075471698113
svm,0.2,3,precision_q,0.34522003034901366
svm,0.2,3,f1_q,0.441747572815534
svm,0.3,3,recall_q,0.7008086253369272
svm,0.3,3,precision_q,0.2631578947368421
svm,0.3,3,f1_q,0.3826342899190581
svm,0.1,4,recall_q,0.42048517520215634
svm,0.1,4,precision_q,0.47344461305007585
svm,0.1,4,f1_q,0.44539614561027835
svm,0.2,4,recall_q,0.6145552560646901
svm,0.2,4,precision_q,0.34597875569044007
svm,0.2,4,f1_q,0.4427184466019417
svm,0.3,4,recall_q,0.6805929919137467
svm,0.3,4,precision_q,0.2555668016194332
svm,0.3,4,f1_q,0.3715967623252392
svm,0.1,5,recall_q,0.42126514131897713
svm,0.1,5,precision_q,0.47496206373292865
svm,0.1,5,f1_q,0.44650499286733236
svm,0.2,5,recall_q,0.6177658142664872
svm,0.2,5,precision_q,0.3482549317147193
svm,0.2,5,f1_q,0.4454148471615721
svm,0.3,5,recall_q,0.6917900403768507
svm,0.3,5,precision_q,0.2601214574898785
svm,0.3,5,f1_q,0.378080176535491
knn,0.1,1,recall_q,0.4076819407008086
knn,0.1,1,precision_q,0.4590288315629742
knn,0.1,1,f1_q,0.4318344039971449
knn,0.2,1,recall_q,0.6000192529842125
knn,0.2,1,precision_q,0.3377953609364839
knn,0.2,1,f1_q,0.432246879334258
knn,0.3,1,recall_q,0.685256064690027
knn,0.3,1,precision_q,0.2573178137651822
knn,0.3,1,f1_q,0.37414275202354674
knn,0.1,2,recall_q,0.4164420485175202
knn,0.1,2,precision_q,0.46889226100151743
knn,0.1,2,f1_q,0.44111349036402575
knn,0.2,2,recall_q,0.6438679245283019
knn,0.2,2,precision_q,0.36248103186646435
knn,0.2,2,f1_q,0.46383495145631065
knn,0.3,2,recall_q,0.7156862745098038
knn,0.3,2,precision_q,0.2687445423513535
knn,0.3,2,f1_q,0.39075733310248306
knn,0.1,3,recall_q,0.42183288409703507
knn,0.1,3,precision_q,0.47496206373292865
knn,0.1,3,f1_q,0.44682369735902927
knn,0.2,3,recall_q,0.6108796863513845
knn,0.2,3,precision_q,0.3439095047592771
knn,0.2,3,f1_q,0.44007060900264783
knn,0.3,3,recall_q,0.6826787318701065
knn,0.3,3,precision_q,0.25635000963948334
knn,0.3,3,f1_q,0.3727355548547601
knn,0.1,4,recall_q,0.4137466307277628
knn,0.1,4,precision_q,0.4658573596358118
knn,0.1,4,f1_q,0.4382583868665239
knn,0.2,4,recall_q,0.6156579269786817
knn,0.2,4,precision_q,0.3465995309697889
knn,0.2,4,f1_q,0.4435127978817299
knn,0.3,4,recall_q,0.6738544474393531
knn,0.3,4,precision_q,0.25303643724696356
knn,0.3,4,f1_q,0.36791758646063283
knn,0.1,5,recall_q,0.41251682368775233
knn,0.1,5,precision_q,0.4650986342943854
knn,0.1,5,f1_q,0.4372325249643366
knn,0.2,5,recall_q,0.6156952065431204
knn,0.2,5,precision_q,0.34708766195867863
knn,0.2,5,f1_q,0.4439219199044526
knn,0.3,5,recall_q,0.6910462562867464
knn,0.3,5,precision_q,0.2598417856381845
knn,0.3,5,f1_q,0.3776736803391339
rf,0.1,1,recall_q,0.44878706199460916
rf,0.1,1,precision_q,0.5053110773899848
rf,0.1,1,f1_q,0.4753747323340471
rf,0.2,1,recall_q,0.6064690026954178
rf,0.2,1,precision_q,0.34142640364188165
rf,0.2,1,f1_q,0.4368932038834951
rf,0.3,1,recall_q,0.6954177897574124
rf,0.3,1,precision_q,0.2611336032388664
rf,0.3,1,f1_q,0.3796909492273731
rf,0.1,2,recall_q,0.4380053908355795
rf,0.1,2,precision_q,0.4931714719271624
rf,0.1,2,f1_q,0.46395431834403994
rf,0.2,2,recall_q,0.6536388140161725
rf,0.2,2,precision_q,0.36798179059180575
rf,0.2,2,f1_q,0.47087378640776695
rf,0.3,2,recall_q,0.7237196765498652
rf,0.3,2,precision_q,0.2717611336032389
rf,0.3,2,f1_q,0.3951434878587197
rf,0.1,3,recall_q,0.44878706199460916
rf,0.1,3,precision_q,0.5053110773899848
rf,0.1,3,f1_q,0.4753747323340471
rf,0.2,3,recall_q,0.6185983827493261
rf,0.2,3,precision_q,0.3482549317147193
rf,0.2,3,f1_q,0.445631067961165
rf,0.3,3,recall_q,0.7021563342318059
rf,0.3,3,precision_q,0.26366396761133604
rf,0.3,3,f1_q,0.3833701250919794
rf,0.1,4,recall_q,0.46226415094339623
rf,0.1,4,precision_q,0.5204855842185129
rf,0.1,4,f1_q,0.489650249821556
rf,0.2,4,recall_q,0.6293800539083558
rf,0.2,4,precision_q,0.3543247344461305
rf,0.2,4,f1_q,0.45339805825242724
rf,0.3,4,recall_q,0.6967654986522911
rf,0.3,4,precision_q,0.2616396761133603
rf,0.3,4,f1_q,0.38042678440029426
rf,0.1,5,recall_q,0.43203230148048455
rf,0.1,5,precision_q,0.48710166919575115
rf,0.1,5,f1_q,0.4579172610556348
rf,0.2,5,recall_q,0.639300134589502
rf,0.2,5,precision_q,0.3603945371775417
rf,0.2,5,f1_q,0.4609412906356138
rf,0.3,5,recall_q,0.7052489905787349
rf,0.3,5,precision_q,0.2651821862348178
rf,0.3,5,f1_q,0.38543582199337995
sin_modelo,0.1,1,recall_q,0.10003035822707954
sin_modelo,0.1,1,precision_q,0.11262902246508803
sin_modelo,0.1,1,f1_q,0.10595649650891223
sin_modelo,0.2,1,recall_q,0.20006071645415907
sin_modelo,0.2,1,precision_q,0.11262902246508803
sin_modelo,0.2,1,f1_q,0.14412140932911263
sin_modelo,0.3,1,recall_q,0.29993928354584093
sin_modelo,0.3,1,precision_q,0.11262902246508803
sin_modelo,0.3,1,f1_q,0.1637637589337851
sin_modelo,0.1,2,recall_q,0.10003035822707954
sin_modelo,0.1,2,precision_q,0.11262902246508803
sin_modelo,0.1,2,f1_q,0.10595649650891223
sin_modelo,0.2,2,recall_q,0.20006071645415907
sin_modelo,0.2,2,precision_q,0.11262902246508803
sin_modelo,0.2,2,f1_q,0.14412140932911263
sin_modelo,0.3,2,recall_q,0.29993928354584093
sin_modelo,0.3,2,precision_q,0.11262902246508803
sin_modelo,0.3,2,f1_q,0.1637637589337851
sin_modelo,0.1,3,recall_q,0.10003035822707954
sin_modelo,0.1,3,precision_q,0.11262902246508803
sin_modelo,0.1,3,f1_q,0.10595649650891223
sin_modelo,0.2,3,recall_q,0.20006071645415907
sin_modelo,0.2,3,precision_q,0.11262902246508803
sin_modelo,0.2,3,f1_q,0.14412140932911263
sin_modelo,0.3,3,recall_q,0.29993928354584093
sin_modelo,0.3,3,precision_q,0.11262902246508803
sin_modelo,0.3,3,f1_q,0.1637637589337851
sin_modelo,0.1,4,recall_q,0.10003035822707954
sin_modelo,0.1,4,precision_q,0.11262902246508803
sin_modelo,0.1,4,f1_q,0.10595649650891223
sin_modelo,0.2,4,recall_q,0.20006071645415907
sin_modelo,0.2,4,precision_q,0.11262902246508803
sin_modelo,0.2,4,f1_q,0.14412140932911263
sin_modelo,0.3,4,recall_q,0.29993928354584093
sin_modelo,0.3,4,precision_q,0.11262902246508803
sin_modelo,0.3,4,f1_q,0.1637637589337851
sin_modelo,0.1,5,recall_q,0.10003035822707954
sin_modelo,0.1,5,precision_q,0.11278081360048572
sin_modelo,0.1,5,f1_q,0.10602361792114136
sin_modelo,0.2,5,recall_q,0.20006071645415907
sin_modelo,0.2,5,precision_q,0.11278081360048572
sin_modelo,0.2,5,f1_q,0.14424562088834567
sin_modelo,0.3,5,recall_q,0.29993928354584093
sin_modelo,0.3,5,precision_q,0.11278081360048574
sin_modelo,0.3,5,f1_q,0.16392415422917234
